12.5905,0.002910960461323739,-0.3036326377733138,0,0.002910960461323739,-0.3036326377733138,0,-0.01118952155244277,-0.006195798620353661,0,-0.01664427683755882,-0.08062798485185362,0
12.6005,0.002796258356467547,-0.3036987960773239,0,0.002796258356467547,-0.3036987960773239,0,-0.01187150880467484,-0.006941175774568439,0,-0.1097074695077584,-0.04843786770453767,0
12.6105,0.002670746687532848,-0.3037681361620826,0,0.002670746687532848,-0.3037681361620826,0,-0.01321389460377557,-0.006664886819584995,0,-0.1412260891758075,0.1127693137038973,0
12.6205,0.002532289279883671,-0.3038252387119073,0,0.002532289279883671,-0.3038252387119073,0,-0.014271599962529,-0.004589642701126647,0,-0.05253066257610267,0.2736718002141211,0
12.6305,0.002390351394563055,-0.3038566425029663,0,0.002390351394563055,-0.3038566425029663,0,-0.01379199226133305,-0.001932101098308952,0,0.1533482475464527,0.2164308824074306,0
12.6405,0.002265296221705917,-0.303868528955683,0,0.002265296221705917,-0.303868528955683,0,-0.01094862414779742,-0.0008389529217714616,0,0.3997217757277741,0.01911099755078526,0
12.6505,0.002180476186993267,-0.3038768319726772,0,0.002180476186993267,-0.3038768319726772,0,-0.006010249954693476,-0.0007419342720699866,0,0.5538754596593065,0.06157171221570587,0
12.6605,0.002149907382511387,-0.3038753507541324,0,0.002149907382511387,-0.3038753507541324,0,-0.0004074755025263788,0.001474575794867585,0,0.5454239515260249,0.3791225943195142,0
12.6705,0.002173509407530787,-0.3038363894788755,0,0.002173509407530787,-0.3038363894788755,0,0.004816757469996009,0.006279401883974071,0,0.5166429754113705,0.5074901519962239,0
12.6805,0.002250241480405926,-0.3037504006646701,0,0.002250241480405926,-0.3037504006646701,0,0.0104341528624393,0.01030906860241815,0,0.6218982464950801,0.2762036259951854,0
12.6905,0.002389840641479886,-0.3036371226739002,0,0.002389840641479886,-0.3036371226739002,0,0.01731590882908861,0.0120261070302411,0,0.7267623904483738,0.1327127871340186,0
12.7005,0.002600344613170265,-0.3035067409775513,0,0.002600344613170265,-0.3035067409775513,0,0.02427867646484389,0.01436322259361124,0,0.6379576520805198,0.375990883700513,0
12.7105,0.002873372017338589,-0.3033363457998568,0,0.002873372017338589,-0.3033363457998568,0,0.02978765344558042,0.019985764890254,0,0.4839816730703688,0.7060790428010568,0
12.7205,0.003195596168825503,-0.3030970229991501,0,0.003195596168825503,-0.3030970229991501,0,0.0344165447756046,0.02756186086164811,0,0.4688665421992534,0.750430769750472,0
12.7305,0.003565738674829255,-0.3027850400767785,0,0.003565738674829255,-0.3027850400767785,0,0.03945466284571975,0.03417175580036219,0,0.52941375945687,0.5622351832741251,0
12.7405,0.003987204284773611,-0.302418449205313,0,0.003987204284773611,-0.302418449205313,0,0.04445109642485672,0.03854369504823762,0,0.4402466787113419,0.3225186050599684,0
12.7505,0.004451473952322153,-0.3020203781495622,0,0.004451473952322153,-0.3020203781495622,0,0.04788696260326463,0.0405613906359627,0,0.2590124091642795,0.09305882126449004,0
12.7605,0.004939812099914853,-0.3016156893334777,0,0.004939812099914853,-0.3016156893334777,0,0.04950471756230372,0.03998331677692255,0,0.06520111922916519,-0.2162295372993113,0
12.7705,0.005434487412731243,-0.3012342458441069,0,0.005434487412731243,-0.3012342458441069,0,0.0491460292769956,0.03591571572969746,0,-0.1158437171345491,-0.5709874491392521,0
12.7805,0.005917375184124473,-0.3009107738959311,0,0.005917375184124473,-0.3009107738959311,0,0.04697799472226994,0.02843387505580295,0,-0.328944540143887,-0.9150516225721751,0
12.7905,0.006364520180882991,-0.3006812294728752,0,0.006364520180882991,-0.3006812294728752,0,0.04246904129230741,0.01762588740639251,0,-0.5301262472271759,-1.200431195150905,0
12.8005,0.006760759768487112,-0.3005701622117954,0,0.006760759768487112,-0.3005701622117954,0,0.03700429188328219,0.005080004400311818,0,-0.5466305203935328,-1.275083323535989,0
12.8105,0.00710205964653543,-0.300585573205163,0,0.00710205964653543,-0.300585573205163,0,0.03153254845805195,-0.007405547143855305,0,-0.5533604708886385,-1.205576132208761,0
12.8205,0.007387594243741766,-0.3007202201727257,0,0.007387594243741766,-0.3007202201727257,0,0.02576788891966214,-0.01871689921567105,0,-0.6035857546314349,-1.059421692475533,0
12.8305,0.007612573038372439,-0.3009601125543075,0,0.007612573038372439,-0.3009601125543075,0,0.01948721618306356,-0.02852348074124684,0,-0.6394510340308804,-0.9120988977517048,0
12.8405,0.007774144888278691,-0.3012908011195046,0,0.007774144888278691,-0.3012908011195046,0,0.01317453197502671,-0.03699818191536876,0,-0.6215233417604531,-0.7942681406147204,0
12.8505,0.007873441477815888,-0.3017002030545338,0,0.007873441477815888,-0.3017002030545338,0,0.007003221078541907,-0.0442818643496374,0,-0.6143623633918236,-0.651824755014717,0
12.8605,0.007911934887346029,-0.3021719796136315,0,0.007911934887346029,-0.3021719796136315,0,0.001105317632104745,-0.04926655850920438,0,-0.5463001328295465,-0.3227961664544107,0
12.8705,0.007897904081135252,-0.3026726176571413,0,0.007897904081135252,-0.3026726176571413,0,-0.003317108064747946,-0.05003338841958567,0,-0.3277240273460252,0.1453929335123982,0
12.8805,0.007852617938641978,-0.3031582620137862,0,0.007852617938641978,-0.3031582620137862,0,-0.005229875408050306,-0.04677702582776386,0,-0.07962852722376981,0.4406298746273428,0
12.8905,0.007799181745746076,-0.3036014518047988,0,0.007799181745746076,-0.3036014518047988,0,-0.005255526053943454,-0.04205226629337226,0,0.04547441313439494,0.4771435815013418,0
12.9005,0.007749938509274834,-0.3039967767959373,0,0.007749938509274834,-0.3039967767959373,0,-0.004562675248987811,-0.03719755290268344,0,0.08704962467715351,0.5104487538209979,0
12.9105,0.00770973304211438,-0.3043399747393254,0,0.00770973304211438,-0.3043399747393254,0,-0.003450383720402758,-0.03155689043494994,0,0.1364323981858262,0.607060963627637,0
12.9205,0.007683446618626846,-0.3046236488340847,0,0.007683446618626846,-0.3046236488340847,0,-0.001806547638437483,-0.02556968198632603,0,0.1859768543185473,0.5573055685243333,0
12.9305,0.00767561747200741,-0.304853383194472,0,0.00767561747200741,-0.304853383194472,0,0.0001667645049197798,-0.020900926639359,0,0.2019882776197738,0.3879574755849814,0
12.9405,0.007687797863362533,-0.3050436062149769,0,0.007687797863362533,-0.3050436062149769,0,0.002155838085530565,-0.01737221538416637,0,0.1940747596188777,0.3505782499233743,0
12.9505,0.007719182980940182,-0.305198069214166,0,0.007719182980940182,-0.305198069214166,0,0.003985766409334394,-0.01366213832742578,0,0.1677892296839538,0.3731285322127612,0
12.9605,0.007766596578560616,-0.305317501013722,0,0.007766596578560616,-0.305317501013722,0,0.005292191515999903,-0.0106892824815772,0,0.08529742372460096,0.1928514061854049,0
12.9705,0.007821403696042032,-0.3054191971903759,0,0.007821403696042032,-0.3054191971903759,0,0.005416493704378693,-0.01002554151129833,0,-0.05988199684429819,-0.01187387396709115,0
12.9805,0.007869555785376008,-0.3055186524069466,0,0.007869555785376008,-0.3055186524069466,0,0.004047014390004725,-0.009546207980858389,0,-0.1958759448119488,0.1685668754655524,0
12.9905,0.007898730191232098,-0.3055983164154543,0,0.007898730191232098,-0.3055983164154543,0,0.001895922209589086,-0.006059094113807178,0,-0.2061646609018684,0.4786630498424962,0
13.0005,0.007908910535505066,-0.3056333447288067,0,0.007908910535505066,-0.3056333447288067,0,0.000427557096018009,-0.001347197960957635,0,-0.08041443576995194,0.3902191650253148,0
13.0105,0.007911526445951899,-0.3056328368838848,0,0.007911526445951899,-0.3056328368838848,0,0.0002791409140596368,0.0007631905551506564,0,0.02392150562607748,0.05392603696314637,0
13.0205,0.007914845785966414,-0.3056257294632048,0,0.007914845785966414,-0.3056257294632048,0,0.0002242503780006348,0.0005520469867185414,0,-0.06630997156257439,-0.02797662316268708,0
13.0305,0.007909801099498069,-0.305618718296617,0,0.007909801099498069,-0.305618718296617,0,-0.00146333345740568,0.001124133612502597,0,-0.2508831384764741,0.1457039340077183,0
13.0405,0.007881196675153213,-0.3055972034481594,0,0.007881196675153213,-0.3055972034481594,0,-0.004056286168244685,0.003228552204607289,0,-0.2152270785244898,0.2423182776886459,0
13.0505,0.00783418969511601,-0.30555244203556,0,0.00783418969511601,-0.30555244203556,0,-0.004830667678941158,0.005553212600724067,0,0.06050980976443752,0.2138395621598292,0
13.0605,0.007793091505044032,-0.3054866741106012,0,0.007793091505044032,-0.3054866741106012,0,-0.003261903848691625,0.007415232005302712,0,0.1885302169208428,0.1579923167066873,0
13.0705,0.007767297578927206,-0.3054059022901385,0,0.007767297578927206,-0.3054059022901385,0,-0.002340742217922477,0.008511488116528427,0,-0.03693575189400323,0.05621542816740817,0
13.0805,0.007736287081003042,-0.3053203170111029,0,0.007736287081003042,-0.3053203170111029,0,-0.004174987302853763,0.008407810983647665,0,-0.2791742519674809,-0.06442096422180481,0
13.0905,0.00768002955947157,-0.3052408036494688,0,0.00768002955947157,-0.3052408036494688,0,-0.00677235172933775,0.007488065110515445,0,-0.1868233027131049,-0.09919172361056233,0
13.1005,0.007607689161064925,-0.3051704316829968,0,0.007607689161064925,-0.3051704316829968,0,-0.007221632236897841,0.006706089835760568,0,0.07819631620126741,-0.05341342513993223,0
13.1105,0.007542431116442571,-0.3051052803391602,0,0.007542431116442571,-0.3051052803391602,0,-0.005773683162016877,0.006396017364482348,0,0.1624450643967872,-0.01935094596510889,0
13.1205,0.007491543814208228,-0.3050427624863972,0,0.007491543814208228,-0.3050427624863972,0,-0.004646744095916609,0.006046409568184285,0,0.05727805202464323,-0.06421655100672319,0
13.1305,0.007446719694583024,-0.3049878015412589,0,0.007446719694583024,-0.3049878015412589,0,-0.004368328648662731,0.004802961699453729,0,0.0329360819917509,-0.184341597609775,0
13.1405,0.00740740118769363,-0.3049514326103995,0,0.00740740118769363,-0.3049514326103995,0,-0.003247099187856602,0.002466935973888734,0,0.2079275938355475,-0.2574935660426864,0
13.1505,0.007390205000316606,-0.304939367735414,0,0.007390205000316606,-0.304939367735414,0,-1.363379197069676e-05,0.0002066114006790093,0,0.4117168661684566,-0.1751674639417977,0
13.1605,0.007413095830496985,-0.3049438759569958,0,0.007413095830496985,-0.3049438759569958,0,0.004397343496761566,-0.0008578899023480748,0,0.4318491930406317,-0.05797685684195622,0
13.1705,0.00747747216635819,-0.3049554833757132,0,0.00747747216635819,-0.3049554833757132,0,0.00804774947425386,-0.001513284530498898,0,0.2940596598912578,-0.1031417514855245,0
13.1805,0.007570439152432051,-0.3049788637379458,0,0.007570439152432051,-0.3049788637379458,0,0.01028300108909715,-0.003349836186665302,0,0.1725179016597731,-0.2563841462846314,0
13.1905,0.007681543362767762,-0.3050278098847395,0,0.007681543362767762,-0.3050278098847395,0,0.0117747802846049,-0.006376309352350363,0,0.1391438710139181,-0.3204831762797041,0
13.2005,0.007806312590899011,-0.3051073007135031,0,0.007806312590899011,-0.3051073007135031,0,0.01306156474009865,-0.009213483269547766,0,0.1105304602947985,-0.2256758318708118,0
13.2105,0.007941338189824662,-0.3052073077895752,0,0.007941338189824662,-0.3052073077895752,0,0.01377826856914265,-0.01033436442933396,0,0.03353907542952379,0.009034856990689347,0
13.2205,0.008079587987506116,-0.3053046018376434,0,0.008079587987506116,-0.3053046018376434,0,0.01377925271903545,-0.008731879570293689,0,-0.02204212725199469,0.2896086846914067,0
13.2305,0.008215900953159867,-0.3053732717209574,0,0.008215900953159867,-0.3053732717209574,0,0.01348606279056859,-0.004999465389019513,0,-0.03145019759463837,0.4081675131804346,0
13.2405,0.008348888871576214,-0.3054032155102532,0,0.008348888871576214,-0.3054032155102532,0,0.01308642457671165,-0.001362163102967583,0,-0.05824984087433809,0.3021339416455152,0
13.2505,0.008474786319247087,-0.3054032551843827,0,0.008474786319247087,-0.3054032551843827,0,0.01193201524309535,0.001099749477655699,0,-0.1864250557003125,0.2218302877483348,0
13.2605,0.00858034055617221,-0.3053796832635147,0,0.00858034055617221,-0.3053796832635147,0,0.008961526060671219,0.003603434366776065,0,-0.4023905857536751,0.2829850277403773,0
13.2705,0.008645107030847364,-0.3053290388000748,0,0.008645107030847364,-0.3053290388000748,0,0.003974578710115043,0.006245382697318777,0,-0.5634189706769512,0.1991400178428123,0
13.2805,0.008654785549752155,-0.3052619992831536,0,0.008654785549752155,-0.3052619992831536,0,-0.001708396730935626,0.006571000619358962,0,-0.5414545084612211,-0.1350006554982201,0
13.2905,0.008612070275948831,-0.3052086603453049,0,0.008612070275948831,-0.3052086603453049,0,-0.006326647599036359,0.003919564076142817,0,-0.3799071092848264,-0.3255525657911358,0
13.3005,0.00853190191050107,-0.3051844762787637,0,0.00853190191050107,-0.3051844762787637,0,-0.009335162162769599,0.001369951890770444,0,-0.2461206863580947,-0.1433769546056672,0
13.3105,0.008426418527057429,-0.3051720946158709,0,0.008426418527057429,-0.3051720946158709,0,-0.01162482037645623,0.001644570297971456,0,-0.2283377219107349,0.1853219530952956,0
13.3205,0.008297985868715364,-0.3051392710006867,0,0.008297985868715364,-0.3051392710006867,0,-0.01393656928394458,0.005347694741611187,0,-0.221870643599654,0.5534898994394115,0
13.3305,0.008148694278048617,-0.3050475937657334,0,0.008148694278048617,-0.3050475937657334,0,-0.01563431474828094,0.01343690596162418,0,-0.1048654763243994,1.058980039468608,0
13.3405,0.007989978945158427,-0.3048478658087447,0,0.007989978945158427,-0.3048478658087447,0,-0.01584675636440165,0.02659657816580096,0,0.04433604137525742,1.50619703072596,0
13.3505,0.007834858642638274,-0.304499894938845,0,0.007834858642638274,-0.304499894938845,0,-0.01520511878646424,0.04225498474241288,0,0.05122440889849233,1.543133368337149,0
13.3605,0.007682982159243856,-0.3040016856094524,0,0.007682982159243856,-0.3040016856094524,0,-0.01543297755275148,0.05611456161676491,0,-0.1081012296735489,1.209324882773991,0
13.3705,0.00751891938016783,-0.3033853271020018,0,0.00751891938016783,-0.3033853271020018,0,-0.01763794100582912,0.0659936993267134,0,-0.3227829963034332,0.7852997838952421,0
13.3805,0.007322108944340365,-0.3026942431819296,0,0.007322108944340365,-0.3026942431819296,0,-0.02189815982058019,0.07134926521511772,0,-0.5115084852794012,0.2858847468852512,0
13.3905,0.007073058045720551,-0.3019760563762995,0,0.007073058045720551,-0.3019760563762995,0,-0.02775895013016305,0.0710271589143448,0,-0.6442218644335931,-0.3202898523618963,0
13.4005,0.006760114111507036,-0.3012927944591279,0,0.006760114111507036,-0.3012927944591279,0,-0.03457691068089927,0.06511254256243319,0,-0.7002499380503848,-0.804127223639308,0
13.4105,0.006377894552479546,-0.300690144085732,0,0.006377894552479546,-0.300690144085732,0,-0.04146734610330634,0.05544188208527275,0,-0.6699620004473382,-1.086742145733901,0
13.4205,0.005929074164112009,-0.3001964192094882,0,0.005929074164112009,-0.3001964192094882,0,-0.04788343270972696,0.04359385583863431,0,-0.6142350054501338,-1.270262850640688,0
13.4305,0.005419462839961575,-0.2998305193779386,0,0.005419462839961575,-0.2998305193779386,0,-0.05359833322302954,0.02999962198119648,0,-0.5225557497509749,-1.427665503449698,0
13.4405,0.004858868988645995,-0.2996062749686719,0,0.004858868988645995,-0.2996062749686719,0,-0.05802749545013859,0.01560630381266232,0,-0.362267505016705,-1.411664878008239,0
13.4505,0.004262881310416269,-0.2995209063979375,0,0.004262881310416269,-0.2995209063979375,0,-0.06076942039235973,0.002468748009518937,0,-0.2048587099282885,-1.211272692412649,0
13.4605,0.003646109198600129,-0.2995559557000764,0,0.003646109198600129,-0.2995559557000764,0,-0.06240194494973414,-0.008634083372415103,0,-0.1401996259295279,-1.036514097213904,0
13.4705,0.003015284460188674,-0.29969483493452,0,0.003015284460188674,-0.29969483493452,0,-0.06363566217372202,-0.01850174663806509,0,-0.09974067761204962,-0.9444432205394184,0
13.4805,0.002375809266461211,-0.2999269271907032,0,0.002375809266461211,-0.2999269271907032,0,-0.0640050353535552,-0.02720608849281482,0,0.03801227078013994,-0.7825240068112155,0
13.4905,0.001741634805951193,-0.3002352831551529,0,0.001741634805951193,-0.3002352831551529,0,-0.06255732975527982,-0.03370647272324704,0,0.2425072621675309,-0.5261422973183807,0
13.5005,0.001132285137359084,-0.30059562709989,0,0.001132285137359084,-0.30059562709989,0,-0.05920563360563159,-0.03783064180823494,0,0.4085818156452475,-0.3294871506249346,0
13.5105,0.0005640827087759704,-0.3009893587128689,0,0.0005640827087759704,-0.3009893587128689,0,-0.0544740936566855,-0.04066485131361704,0,0.5286859422324199,-0.2593121719378625,0
13.5205,4.929978683890113e-05,-0.3014096544293746,0,4.929978683890113e-05,-0.3014096544293746,0,-0.04858825974856215,-0.04329075640033531,0,0.6402444351808484,-0.2755511943686758,0
13.5305,-0.0004015678760607955,-0.3018579826070239,0,-0.0004015678760607955,-0.3018579826070239,0,-0.0418577385312808,-0.0463241911930343,0,0.6812223450088719,-0.3314815384226899,0
13.5405,-0.0007860999756806563,-0.3023398211285155,0,-0.0007860999756806563,-0.3023398211285155,0,-0.0355826929712164,-0.04993471485118889,0,0.5528480250952815,-0.380116066899175,0
13.5505,-0.001116683216480858,-0.3028586469376723,0,-0.001116683216480858,-0.3028586469376723,0,-0.03108285480483627,-0.0535875103969975,0,0.3656631373179866,-0.3365487031979726,0
13.5605,-0.00141052950599974,-0.3034111799463968,0,-0.00141052950599974,-0.3034111799463968,0,-0.0279525390343671,-0.05664732602721861,0,0.2861887110708254,-0.2878743174026013,0
13.5705,-0.001674663375092926,-0.3039911257634014,0,-0.001674663375092926,-0.3039911257634014,0,-0.02506723943017643,-0.05925468308692914,0,0.2906356623074002,-0.2216939727915966,0
13.5805,-0.001911251296397012,-0.3045924917998534,0,-0.001911251296397012,-0.3045924917998534,0,-0.02263210598870739,-0.06086674902428681,0,0.1672286581103385,-0.1015763543806461,0
13.5905,-0.002133337736871539,-0.3052025274166013,0,-0.002133337736871539,-0.3052025274166013,0,-0.02220738717300473,-0.06074038618278021,0,-0.06708937038308914,0.1474285525916735,0
13.6005,-0.002362741045159318,-0.3057971650736343,0,-0.002362741045159318,-0.3057971650736343,0,-0.02373247704210631,-0.0575667344606428,0,-0.2084115303729737,0.455299479032167,0
13.6105,-0.002611669657430262,-0.3063448995592892,0,-0.002611669657430262,-0.3063448995592892,0,-0.02593218715701447,-0.05192261976616431,0,-0.2105324110295336,0.6499918798258905,0
13.6205,-0.002880908183730782,-0.3068272524065698,0,-0.002880908183730782,-0.3068272524065698,0,-0.02772670777325992,-0.04471935652810165,0,-0.1510793000049696,0.7717775746171534,0
13.6305,-0.003164959280122091,-0.3072326176872535,0,-0.003164959280122091,-0.3072326176872535,0,-0.02891738609823756,-0.03665316823118822,0,-0.08617021009159426,0.8313490202111419,0
13.6405,-0.003456989579174632,-0.3075549821344032,0,-0.003456989579174632,-0.3075549821344032,0,-0.0293044745760874,-0.02822599127019963,0,0.00834549059880969,0.8441583210856907,0
13.6505,-0.003747440140824771,-0.3077934818126883,0,-0.003747440140824771,-0.3077934818126883,0,-0.02864943144003773,-0.01995086621221519,0,0.1145920641770493,0.8057578818975182,0
13.6605,-0.004026863427050636,-0.3079520481680407,0,-0.004026863427050636,-0.3079520481680407,0,-0.02723230929934957,-0.01229371206272384,0,0.1510695727749641,0.7194751770868304,0
13.6705,-0.004290993068008397,-0.3080400425588226,0,-0.004290993068008397,-0.3080400425588226,0,-0.02567699879753432,-0.005903231324071826,0,0.1655895134526191,0.5531387761192991,0
13.6805,-0.004539176385989698,-0.3080739484163879,0,-0.004539176385989698,-0.3080739484163879,0,-0.02401272441022129,-0.001443471920182244,0,0.1554846494619281,0.3530461586260914,0
13.6905,-0.004770938912730109,-0.3080728605534642,0,-0.004770938912730109,-0.3080728605534642,0,-0.0224827099588268,0.00132071268041282,0,0.1603057421904469,0.2244631855038655,0
13.7005,-0.004989416247990483,-0.3080484994679437,0,-0.004989416247990483,-0.3080484994679437,0,-0.02139519390672522,0.003412562343346352,0,0.01752618673259296,0.207885190114795,0
13.7105,-0.005204180373510319,-0.3080040570795956,0,-0.005204180373510319,-0.3080040570795956,0,-0.02176937812994496,0.005301374473988591,0,-0.01330012237819973,0.1482585843058843,0
13.7205,-0.005422286743131294,-0.3079458909717881,0,-0.005422286743131294,-0.3079458909717881,0,-0.02162536443546513,0.006013011251560796,0,-0.03998976398306233,0.002922577636209148,0
13.7305,-0.005641055892537459,-0.3078882766006874,0,-0.005641055892537459,-0.3078882766006874,0,-0.02239263389226685,0.005398592138887009,0,0.01434690069869839,-0.1133252168018497,0
13.7405,-0.005864120101304628,-0.3078400123899586,0,-0.005864120101304628,-0.3078400123899586,0,-0.02215303151838233,0.004350005796503781,0,-0.2693680122218119,-0.04869178610522825,0
13.7505,-0.006118399396020031,-0.3077966688905019,0,-0.006118399396020031,-0.3077966688905019,0,-0.03009225500441072,0.004527549036146588,0,-0.7910026488616125,0.008269681723260003,0
13.7605,-0.006428541056769461,-0.3077547048193254,0,-0.006428541056769461,-0.3077547048193254,0,-0.02634689705007391,0.003239095749962718,0,1.191896762981231,-0.215745294799023,0
13.7705,-0.006635494976646967,-0.3077330967936722,0,-0.006635494976646967,-0.3077330967936722,0,-0.02518388564741941,0.002156819132895863,0,-1.259297944603283,0.01641405543570451,0
13.7805,-0.006983292189234618,-0.3077084050794779,0,-0.006983292189234618,-0.3077084050794779,0,-0.03614692032553039,0.002064139739396729,0,-0.05538254895695894,-0.09505455613584664,0
13.7905,-0.007304935818450247,-0.3076944335086998,0,-0.007304935818450247,-0.3076944335086998,0,-0.02989283383179192,0.001118538002652651,0,0.4511333804000268,-0.01931943870491178,0
13.8005,-0.007609605477125037,-0.307680773811037,0,-0.007609605477125037,-0.307680773811037,0,-0.03102164977762418,0.001562270612162576,0,-0.233358071754094,0.03409611743905398,0
13.8105,-0.007918514580395275,-0.3076669532809849,0,-0.007918514580395275,-0.3076669532809849,0,-0.03094997098439395,0.001030407691381722,0,0.06852394360903531,-0.1216819176438204,0
13.8205,-0.008230312594292678,-0.3076645902298095,0,-0.008230312594292678,-0.3076645902298095,0,-0.03099120471332321,-0.0006640306678484875,0,0.04655836280733998,-0.2098718273223986,0
13.8305,-0.008530134469223788,-0.3076833697161337,0,-0.008530134469223788,-0.3076833697161337,0,-0.02902873373888527,-0.002980095126663919,0,0.2407366890063888,-0.2328308863132189,0
13.8405,-0.008811413923622134,-0.307724737681737,0,-0.008811413923622134,-0.307724737681737,0,-0.02730423408640491,-0.005166763295623032,0,0.1494912438918129,-0.2120238916816287,0
13.8505,-0.009074196847831147,-0.307787606473815,0,-0.009074196847831147,-0.307787606473815,0,-0.02530702281115801,-0.007277732367944775,0,0.2333831048728859,-0.2036832655847637,0
13.8605,-0.009315001139818549,-0.3078700580450511,0,-0.009315001139818549,-0.3078700580450511,0,-0.02286865551180474,-0.009025848428674663,0,0.2618369946911078,-0.1423555794931192,0
13.8705,-0.009528774607431565,-0.307966329603799,0,-0.009528774607431565,-0.307966329603799,0,-0.02001576935642616,-0.01004630703669313,0,0.2915642822923283,-0.06663225713590956,0
13.8805,-0.009714304987562414,-0.3080690109664699,0,-0.009714304987562414,-0.3080690109664699,0,-0.01725448065155956,-0.01036898375411398,0,0.2651280101308737,-0.001535814049459077,0
13.8905,-0.00987296281213574,-0.3081712163188178,0,-0.00987296281213574,-0.3081712163188178,0,-0.01462748486641865,-0.009931539376173021,0,0.2599753131477996,0.09361204658518969,0
13.9005,-0.01000583037665116,-0.3082631654966097,0,-0.01000583037665116,-0.3082631654966097,0,-0.01208310095039284,-0.008328943013088669,0,0.2502345279713755,0.2175771351717782,0
13.9105,-0.01011367366587258,-0.3083335913093728,0,-0.01011367366587258,-0.3083335913093728,0,-0.009632059980931201,-0.005809813079601237,0,0.2382240563341913,0.2631683627228725,0
13.9205,-0.01019789428640461,-0.3083787477564029,0,-0.01019789428640461,-0.3083787477564029,0,-0.007357800994209534,-0.003448656867352821,0,0.2180951770485566,0.2021433684758448,0
13.9305,-0.0102603672406374,-0.3084037339304933,0,-0.0102603672406374,-0.3084037339304933,0,-0.00527659671065206,-0.001689174459884162,0,0.1971883130814075,0.169721897109765,0
13.9405,-0.01030346096133982,-0.3084105826905116,0,-0.01030346096133982,-0.3084105826905116,0,-0.003495131706381228,0.0003501028374648224,0,0.1596256679138053,0.24405008330258,0
13.9505,-0.01033042856462778,-0.308393279148755,0,-0.01033042856462778,-0.308393279148755,0,-0.001976658394374392,0.002992606492181733,0,0.1578262870291832,0.2545913327376776,0
13.9605,-0.01034066410190491,-0.3083524798586836,0,-0.01034066410190491,-0.3083524798586836,0,-3.554902101265544e-05,0.004809596499155543,0,0.2324275514867241,0.1019211778941429,0
13.9705,-0.01032800757692318,-0.3083015964676785,0,-0.01032800757692318,-0.3083015964676785,0,0.002439481096134266,0.005197816155905183,0,0.2329966360811907,0.009878138439322197,0
13.9805,-0.01029415534942171,-0.3082487758491165,0,-0.01029415534942171,-0.3082487758491165,0,0.003965153003600693,0.005395842427394091,0,0.06378740655654068,0.02299123933106827,0
13.9905,-0.01025424547810101,-0.3081958401212059,0,-0.01025424547810101,-0.3081958401212059,0,0.003852301646938604,0.004916302038246521,0,-0.04755335969017465,-0.156384982600229,0
14.0005,-0.01021735143685529,-0.308160762900239,0,-0.01021735143685529,-0.308160762900239,0,0.00362971177262424,0.001758287271944785,0,0.009097314559221548,-0.4352904231417242,0
14.0105,-0.01018105090052721,-0.3081664054167179,0,-0.01018105090052721,-0.3081664054167179,0,0.003453409961175584,-0.002482561915042585,0,-0.09581488245478648,-0.3342361369319037,0
14.0205,-0.01015814709480214,-0.3082013125301291,0,-0.01015814709480214,-0.3082013125301291,0,0.0006400319806415293,-0.003760515797806138,0,-0.458712564815033,0.05647894418265748,0
14.0305,-0.01018011786927289,-0.308232138695719,0,-0.01018011786927289,-0.308232138695719,0,-0.004901894335955077,-0.00236830276676345,0,-0.5538057616380476,0.1318679664555627,0
14.0405,-0.01025189302529267,-0.3082539926747173,0,-0.01025189302529267,-0.3082539926747173,0,-0.00854629447386825,-0.002522833638265511,0,-0.1402776316732425,-0.1689609841662381,0
14.0505,-0.01033567226662864,-0.3082923118658173,0,-0.01033567226662864,-0.3082923118658173,0,-0.007604403373111793,-0.005197858413076902,0,0.2505671664055764,-0.2897998922667511,0
14.0605,-0.010397450123155,-0.3083556940139404,0,-0.010397450123155,-0.3083556940139404,0,-0.004972307401105255,-0.006935868187638667,0,0.2127800670333063,-0.03172704796397017,0
14.0705,-0.0104401782172544,-0.3084211247018647,0,-0.0104401782172544,-0.3084211247018647,0,-0.003978072443722186,-0.00582189919961335,0,0.005465257670952529,0.1988946735240049,0
14.0805,-0.0104815338224488,-0.3084692471968342,0,-0.0104815338224488,-0.3084692471968342,0,-0.004346501325613196,-0.004060687138184581,0,-0.04387653505926996,0.1089762429771666,0
14.0905,-0.01052615547974753,-0.3085084055109696,0,-0.01052615547974753,-0.3085084055109696,0,-0.004457069629202638,-0.004123245827419633,0,0.02126193801179577,-0.099214525860555,0
14.1005,-0.0105689639400136,-0.3085563280135755,0,-0.0105689639400136,-0.3085563280135755,0,-0.004111520833700815,-0.005407711203299221,0,0.02960274012475968,-0.1124093270348101,0
14.1105,-0.01060990546080447,-0.3086131555155439,0,-0.01060990546080447,-0.3086131555155439,0,-0.00422689796682538,-0.005617139308991798,0,-0.0603167018514281,0.07779366198681682,0
14.1205,-0.01065761519041651,-0.3086615445870345,0,-0.01065761519041651,-0.3086615445870345,0,-0.00544231314158275,-0.003883381741987748,0,-0.171638983963208,0.2366694794679541,0
14.1305,-0.01072217457125682,-0.3086874124972513,0,-0.01072217457125682,-0.3086874124972513,0,-0.007417635453502095,-0.001435793251115157,0,-0.2019674178511437,0.2288059541138082,0
14.1405,-0.01080569820276239,-0.3086912027677504,0,-0.01080569820276239,-0.3086912027677504,0,-0.009046689683014865,0.0004591519299362053,0,-0.1107338283179374,0.1563350426665608,0
14.1505,-0.01089920621091689,-0.3086792846633835,0,-0.01089920621091689,-0.3086792846633835,0,-0.00939422530233873,0.001791565906706442,0,0.03233166112360043,0.1147836070993015,0
14.1605,-0.01098948648357066,-0.3086564643591696,0,-0.01098948648357066,-0.3086564643591696,0,-0.008581499479772957,0.002607086538258213,0,0.1075087114189045,0.04176557703923051,0
14.1705,-0.01106989000057844,-0.3086300125061922,0,-0.01106989000057844,-0.3086300125061922,0,-0.007598555414328755,0.002553079812799613,0,0.07964755576383085,-0.03539231172768273,0
14.1805,-0.01114230378252135,-0.3086057914834337,0,-0.01114230378252135,-0.3086057914834337,0,-0.006965724488016911,0.002439454222165933,0,0.05883251968808764,0.04032742737076829,0
14.1905,-0.01120858115311051,-0.3085758049734576,0,-0.01120858115311051,-0.3085758049734576,0,-0.006242826616051494,0.003761873784908241,0,0.08590469562516403,0.2081107806096469,0
14.2005,-0.01126627582092269,-0.3085263354403794,0,-0.01126627582092269,-0.3085263354403794,0,-0.005369261916157593,0.00599369221499619,0,0.07763068436460084,0.1943996261643753,0
14.2105,-0.01131701231973867,-0.3084596830077856,0,-0.01131701231973867,-0.3084596830077856,0,-0.004926634312418651,0.006960884883962607,0,0.009664717470047386,0.001501680330757051,0
14.2205,-0.01136682145619545,-0.3083926817445809,0,-0.01136682145619545,-0.3083926817445809,0,-0.005079998938346305,0.006324037440842188,0,-0.02465284301550526,-0.08877035758255636,0
14.2305,-0.01141842360096721,-0.308332759965489,0,-0.01141842360096721,-0.308332759965489,0,-0.005176624155182797,0.005863831990531992,0,0.008543976919640631,0.01101085367043015,0
14.2405,-0.01146924930132105,-0.3082714433668531,0,-0.01146924930132105,-0.3082714433668531,0,-0.004983239321280177,0.006487019111404718,0,0.01831750472139239,0.08289385094511546,0
14.2505,-0.01151902433572673,-0.3082038201901411,0,-0.01151902433572673,-0.3082038201901411,0,-0.005068701063256084,0.006791003814824717,0,-0.04001922236539562,-0.0480994497021353,0
14.2605,-0.01157293517160014,-0.3081428096887315,0,-0.01157293517160014,-0.3081428096887315,0,-0.005754576864752151,0.005116326721463066,0,-0.08399692624200551,-0.2708254280910394,0
14.2705,-0.01163483065979509,-0.3081085271493644,0,-0.01163483065979509,-0.3081085271493644,0,-0.006555275721068386,0.001763326712565285,0,-0.07199636563638818,-0.3607105551676137,0
14.2805,-0.0117037933614051,-0.3081086154779878,0,-0.0117037933614051,-0.3081086154779878,0,-0.007198349701928349,-0.001442033521789356,0,-0.06203230414013012,-0.2613288846291784,0
14.2905,-0.01177951286882823,-0.3081334586202036,0,-0.01177951286882823,-0.3081334586202036,0,-0.007934336387027414,-0.003152558715024596,0,-0.08485467444798593,-0.08889163794483503,0
14.3005,-0.01186267719242409,-0.3081668744279166,0,-0.01186267719242409,-0.3081668744279166,0,-0.0085945207155634,-0.003300160109712613,0,-0.0295543926455715,0.04222459262189148,0
14.3105,-0.01194876305913475,-0.308195706192728,0,-0.01194876305913475,-0.308195706192728,0,-0.008471934639329253,-0.00236460218950087,0,0.03622831213913603,0.1379011456168146,0
14.3205,-0.01203051475896778,-0.3082108715608265,0,-0.01203051475896778,-0.3082108715608265,0,-0.007927671137100566,-0.0006483177925126593,0,0.06873473387322107,0.1914476062760895,0
14.3305,-0.01210861010418324,-0.3082067988112889,0,-0.01210861010418324,-0.3082067988112889,0,-0.007850184931902234,0.00135072393788141,0,-0.08995074648312885,0.2024365002891507,0
14.3405,-0.01219318485468087,-0.3081840055155896,0,-0.01219318485468087,-0.3081840055155896,0,-0.009216320938679188,0.003016615443724893,0,-0.1082429463109043,0.1136058362389481,0
14.3505,-0.0122920317835333,-0.3081492537492999,0,-0.0122920317835333,-0.3081492537492999,0,-0.01033951076162697,0.003742179632429927,0,-0.199036515901532,0.06396964108300432,0
14.3605,-0.01240541722774367,-0.3081091616961403,0,-0.01240541722774367,-0.3081091616961403,0,-0.01255988447080171,0.004296559846056969,0,-0.115428659726913,0.02307858248306119,0
14.3705,-0.01254027296977338,-0.3080643738059118,0,-0.01254027296977338,-0.3080643738059118,0,-0.01424819947619339,0.004599920835383952,0,-0.5022132185083259,0.1002811576404789,0
14.3805,-0.01271803719998267,-0.308011862675147,0,-0.01271803719998267,-0.308011862675147,0,-0.02227631756709404,0.006083134570945214,0,-0.5582993581726793,0.06921437954386801,0
14.3905,-0.01295027372604174,-0.3079522058899593,0,-0.01295027372604174,-0.3079522058899593,0,-0.01848694259442216,0.004545911631674494,0,0.7848703359764322,-0.2403133380150076,0
14.4005,-0.01310801081583875,-0.3079157728971899,0,-0.01310801081583875,-0.3079157728971899,0,-0.02079655540563092,0.004548522022907614,0,-1.174138989501534,0.2100959426262959,0
14.4105,-0.01338002301422659,-0.3078596884437081,0,-0.01338002301422659,-0.3078596884437081,0,-0.02885005667569884,0.00558055091451029,0,-0.02708321732255682,-0.08886363307961816,0
14.4205,-0.01365201120244752,-0.3078124046886986,0,-0.01365201120244752,-0.3078124046886986,0,-0.0266977664776235,0.004210667269609131,0,-0.03411217708475916,-0.06549916394017216,0
14.4305,-0.01393624605080991,-0.3077689434228781,0,-0.01393624605080991,-0.3077689434228781,0,-0.02975767007864282,0.004571237563789314,0,-0.2648010358860278,0.07924661084810981,0
14.4405,-0.01423636750314763,-0.3077182292480735,0,-0.01423636750314763,-0.3077182292480735,0,-0.03010835728264756,0.005810103020728596,0,0.05374734997914092,0.2029734132964969,0
14.4505,-0.01453668817148621,-0.3076449195056083,0,-0.01453668817148621,-0.3076449195056083,0,-0.0296432687139268,0.008950119798102871,0,0.09605594040249335,0.3904568046199398,0
14.4605,-0.0148241148039175,-0.307533607270979,0,-0.0148241148039175,-0.307533607270979,0,-0.02799102632137134,0.01324038033934312,0,0.165529504545452,0.4548793454564544,0
14.4705,-0.01509786852636886,-0.3073772149864571,0,-0.01509786852636886,-0.3073772149864571,0,-0.02678109545362005,0.01772053907874966,0,0.1226123033412513,0.4173049634908109,0
14.4805,-0.01535658039533985,-0.3071805740225585,0,-0.01535658039533985,-0.3071805740225585,0,-0.02495183458251334,0.02122718935282913,0,0.2200875530614079,0.2881850697881335,0
14.4905,-0.01559538977371918,-0.306955811538317,0,-0.01559538977371918,-0.306955811538317,0,-0.02298070854571105,0.02335754518766825,0,0.1553648552727403,0.1365520634939452,0
14.5005,-0.01581992804138491,-0.3067188693182904,0,-0.01581992804138491,-0.3067188693182904,0,-0.02230592867924762,0.02365916288109705,0,-0.02853000489047254,-0.07622066024807567,0
14.5105,-0.01604843529008526,-0.3064916563846078,0,-0.01604843529008526,-0.3064916563846078,0,-0.02358719378977431,0.02137878714876144,0,-0.1950908414912416,-0.3859496401316648,0
14.5205,-0.01629538353511524,-0.3063058902220135,0,-0.01629538353511524,-0.3063058902220135,0,-0.02576050459137008,0.01533086407411574,0,-0.2295075453587904,-0.8227671659530705,0
14.5305,-0.01656667331747365,-0.3062063600814552,0,-0.01656667331747365,-0.3062063600814552,0,-0.02855251107590982,0.004177567457647096,0,-0.3556150542624035,-1.399334653600641,0
14.5405,-0.0168757731203015,-0.3062491981050713,0,-0.0168757731203015,-0.3062491981050713,0,-0.03354440537765525,-0.01284385684226619,0,-0.647253272010998,-1.948423480877862,0
14.5505,-0.01725263457277329,-0.3064878985117884,0,-0.01725263457277329,-0.3064878985117884,0,-0.04202283755750256,-0.0343443566152025,0,-1.040420029020417,-2.295865577066151,0
14.5605,-0.01773419608294375,-0.3069533105095257,0,-0.01773419608294375,-0.3069533105095257,0,-0.05429647249978447,-0.05763622680625782,0,-1.374101722893278,-2.298166591205796,0
14.5705,-0.0183559188526144,-0.3076486050538441,0,-0.0183559188526144,-0.3076486050538441,0,-0.06975160066642326,-0.08004266959698379,0,-1.715164143888455,-2.213711343041381,0
14.5805,-0.01914647431719772,-0.3085617939201475,0,-0.01914647431719772,-0.3085617939201475,0,-0.08763693580555799,-0.1012704851262186,0,-1.743378299723022,-1.961930573961672,0
14.5905,-0.02010833810857278,-0.3096703025771217,0,-0.02010833810857278,-0.3096703025771217,0,-0.1033287729358155,-0.1189479658558192,0,-1.433305981301794,-1.668645387457968,0
14.6005,-0.02120889602694611,-0.3109423576719845,0,-0.02120889602694611,-0.3109423576719845,0,-0.115447493222166,-0.1342322104247238,0,-0.8985242725354287,-1.262846218508244,0
14.6105,-0.02240319340197377,-0.3123445252923156,0,-0.02240319340197377,-0.3123445252923156,0,-0.1227706350056306,-0.1453740622197001,0,-0.9836300818658643,-1.405859538871526,0
14.6205,-0.02371069110239535,-0.313901487790595,0,-0.02371069110239535,-0.313901487790595,0,-0.1402575662543097,-0.1673489082949557,0,-1.981639037088975,-2.342251515232877,0
14.6305,-0.02517758075670884,-0.3156461589047044,0,-0.02517758075670884,-0.3156461589047044,0,-0.147094085115557,-0.1741408244896711,0,0.4059268886573944,0.6987935089424542,0
14.6405,-0.026628745684568,-0.3173503705379492,0,-0.026628745684568,-0.3173503705379492,0,-0.1536883144813435,-0.1790631835425951,0,-2.223798956521074,-2.280862421261383,0
14.6505,-0.0283206208464717,-0.3193033424915734,0,-0.0283206208464717,-0.3193033424915734,0,-0.174111753648185,-0.1991281148190502,0,-0.7513853335997372,-0.4269194369782218,0
14.6605,-0.03004742569359158,-0.3212502228036981,0,-0.03004742569359158,-0.3212502228036981,0,-0.173167891286449,-0.1923763454179059,0,-0.1811763824009543,0.4731628381257271,0
14.6705,-0.03183098611432101,-0.3231931802246104,0,-0.03183098611432101,-0.3231931802246104,0,-0.1832202038106364,-0.1957994898399478,0,-1.218788173200114,-0.471160560541547,0
14.6805,-0.0337070754794188,-0.3251497923878475,0,-0.0337070754794188,-0.3251497923878475,0,-0.1915210490353096,-0.1953584787783179,0,-0.617603709552434,0.3062534514969426,0
14.6905,-0.03565501646040269,-0.3270896326948746,0,-0.03565501646040269,-0.3270896326948746,0,-0.1965383896953063,-0.1915597494597865,0,-0.2491652607977542,0.5924522194961385,0
14.7005,-0.0376166211807905,-0.3289594620102144,0,-0.0376166211807905,-0.3289594620102144,0,-0.1953511247342595,-0.1827608135031923,0,0.3093738413165892,0.9532935233005339,0
14.7105,-0.03955744887376692,-0.3307481152724189,0,-0.03955744887376692,-0.3307481152724189,0,-0.1929034930722221,-0.1759082566121613,0,0.1636138325557032,0.412112556430427,0
14.7205,-0.04147710982678682,-0.3324919631960208,0,-0.04147710982678682,-0.3324919631960208,0,-0.1911482411451408,-0.1736089114466464,0,0.2794604039948691,0.1811212773436756,0
14.7305,-0.04336393625377557,-0.3342121026079441,0,-0.04336393625377557,-0.3342121026079441,0,-0.185403503708507,-0.1697371842832282,0,0.8193686748403427,0.5780559628302803,0
14.7405,-0.04517166740292451,-0.3358784529736327,0,-0.04517166740292451,-0.3358784529736327,0,-0.1762968830170246,-0.1637253201962301,0,1.039786061494929,0.6621808513109668,0
14.7505,-0.04686522677342928,-0.3374677538263883,0,-0.04686522677342928,-0.3374677538263883,0,-0.1627882154098372,-0.1546699609547296,0,1.333343412226715,0.7832898722456068,0
14.7605,-0.0484691769468685,-0.3390321472507301,0,-0.0484691769468685,-0.3390321472507301,0,-0.1606097533044073,-0.1612093520270399,0,-0.4995676952601814,-1.654054865464021,0
14.7705,-0.05002138846653615,-0.3406441603748825,0,-0.05002138846653615,-0.3406441603748825,0,-0.144422338089629,-0.1548474512767014,0,4.093334548305295,3.452486373264148,0
14.7805,-0.05120143801243913,-0.3419514242039161,0,-0.05120143801243913,-0.3419514242039161,0,-0.1151417061344458,-0.1320580018772634,0,-0.07233004634730046,-1.024635053856844,0
14.7905,-0.05251373641145479,-0.3435027588025731,0,-0.05251373641145479,-0.3435027588025731,0,-0.1249716778749164,-0.1525037264782861,0,0.7555705799887381,-0.03508658239419297,0
14.8005,-0.05359607265039301,-0.3448779518010596,0,-0.05359607265039301,-0.3448779518010596,0,-0.09631536885099051,-0.1269759458598898,0,2.803197846000266,2.695447697601395,0
14.8105,-0.05450061160588485,-0.3460998082633137,0,-0.05450061160588485,-0.3460998082633137,0,-0.08543435205330351,-0.1176736810149789,0,0.4290936556086685,0.2992471449309281,0
14.8205,-0.0553020672471226,-0.3472235631344353,0,-0.0553020672471226,-0.3472235631344353,0,-0.0762094316049703,-0.108286996371182,0,1.023164065806225,1.122452374044466,0
14.8305,-0.05603278114339982,-0.348270053519219,0,-0.05603278114339982,-0.348270053519219,0,-0.06991037301607875,-0.1007919244309456,0,0.5279834109380225,0.6989139165787032,0
14.8405,-0.05669160676695459,-0.3492239582539478,0,-0.05669160676695459,-0.3492239582539478,0,-0.06255788772817054,-0.0905577356940163,0,0.7399292186752524,1.12305366232882,0
14.8505,-0.0572913334314719,-0.3500809908319903,0,-0.0572913334314719,-0.3500809908319903,0,-0.05800335360636535,-0.0813945512075623,0,0.2777433627588872,0.8138769271793375,0
14.8605,-0.05785597636593289,-0.3508481930553293,0,-0.05785597636593289,-0.3508481930553293,0,-0.0553369777170504,-0.07257411780740219,0,0.2411878920566333,0.9074936577543218,0
14.8705,-0.05839962917706266,-0.3515292829460425,0,-0.05839962917706266,-0.3515292829460425,0,-0.05343815236488474,-0.06407710656034432,0,0.1911967638428137,0.8181933027454538,0
14.8805,-0.0589203346941135,-0.3521265574827835,0,-0.0589203346941135,-0.3521265574827835,0,-0.05062363935898426,-0.05590976181942908,0,0.3611913281496406,0.7925404844592947,0
14.8905,-0.05940561383158233,-0.3526467963450622,0,-0.05940561383158233,-0.3526467963450622,0,-0.04642857363121612,-0.04866401171361565,0,0.4654825419155927,0.6701295121820834,0
14.9005,-0.05984450008500842,-0.3530993986128086,0,-0.05984450008500842,-0.3530993986128086,0,-0.04161745730380052,-0.04229362918694603,0,0.4655734354036644,0.6122785913238904,0
14.9105,-0.06023872552441997,-0.3534907545508867,0,-0.06023872552441997,-0.3534907545508867,0,-0.03765325651254695,-0.03626830592413623,0,0.3269384086357816,0.6089762348948237,0
14.9205,-0.06060041334459447,-0.3538201936247293,0,-0.06060041334459447,-0.3538201936247293,0,-0.03498702177006649,-0.02982441652911165,0,0.2283609180191484,0.6807779969169765,0
14.9305,-0.06093831049598812,-0.3540814922475455,0,-0.06093831049598812,-0.3540814922475455,0,-0.03263918613454253,-0.02270822515081525,0,0.2642629828649884,0.7284351398548456,0
14.9405,-0.06124841815406776,-0.354270861767448,0,-0.06124841815406776,-0.354270861767448,0,-0.02932442075526414,-0.01562780359780387,0,0.3958045278919936,0.6682028386383628,0
14.9505,-0.06151889977715361,-0.3543949712637484,0,-0.06151889977715361,-0.3543949712637484,0,-0.0248718438506954,-0.009767835135671388,0,0.4701992629512238,0.5030607848492396,0
14.9605,-0.06174360199386202,-0.354469479639989,0,-0.06174360199386202,-0.354469479639989,0,-0.02041409966997025,-0.005599610896603205,0,0.402020676485294,0.3488169794170906,0
14.9705,-0.06192935252061002,-0.3545092394640884,0,-0.06192935252061002,-0.3545092394640884,0,-0.0171400370427271,-0.002668019237890927,0,0.2599796372120275,0.2442464820302702,0
14.9805,-0.06208918855709866,-0.3545257699023527,0,-0.06208918855709866,-0.3545257699023527,0,-0.01508163560782036,-0.00101116086049901,0,0.1679187160536664,0.07346891051105939,0
14.9905,-0.06223247718671672,-0.3545372836715285,0,-0.06223247718671672,-0.3545372836715285,0,-0.01376483467121935,-0.001741330039290234,0,0.09177991711235757,-0.2139656081937022,0
15.0005,-0.06236751175977633,-0.3545705684705227,0,-0.06236751175977633,-0.3545705684705227,0,-0.01355027229787851,-0.005086812319793153,0,-0.05430308399095785,-0.4057919360149497,0
15.0105,-0.06250971358138876,-0.3546425492653262,0,-0.06250971358138876,-0.3546425492653262,0,-0.01508757898147613,-0.00896494836234658,0,-0.2422023170101064,-0.3366307472401431,0
15.0205,-0.06267611145877047,-0.3547468544718562,0,-0.06267611145877047,-0.3547468544718562,0,-0.01822153787950077,-0.01152985295503594,0,-0.3614109398191713,-0.1979171186849164,0
15.0305,-0.0628785879094288,-0.3548721888115637,0,-0.0628785879094288,-0.3548721888115637,0,-0.0221983906516493,-0.01349691754196748,0,-0.4348797844125816,-0.2255714007007999,0
15.0405,-0.06312561208855756,-0.3550212676015018,0,-0.06312561208855756,-0.3550212676015018,0,-0.02716776334840187,-0.01636201262746775,0,-0.5587347406596085,-0.3345372677385082,0
15.0505,-0.06342862391591471,-0.3552030003443301,0,-0.06342862391591471,-0.3552030003443301,0,-0.0332454024844598,-0.0197984592107119,0,-0.6276009542317172,-0.3308457572270585,0
15.0605,-0.06379239257869125,-0.3554171487925213,0,-0.06379239257869125,-0.3554171487925213,0,-0.03898200545497375,-0.02279076001040171,0,-0.491563616930746,-0.2780962195510113,0
15.0705,-0.06420348639928498,-0.3556599392337818,0,-0.06420348639928498,-0.3556599392337818,0,-0.04267325090694028,-0.02569038135869926,0,-0.2684541996889451,-0.3149770253976245,0
15.0805,-0.06464234791087377,-0.3559345381811211,0,-0.06464234791087377,-0.3559345381811211,0,-0.04492628163730059,-0.02912736238397411,0,-0.2256008453345447,-0.3560942409386324,0
15.0905,-0.06510558699758849,-0.3562436842686738,0,-0.06510558699758849,-0.3562436842686738,0,-0.04779343804131171,-0.03242224864744424,0,-0.348429965405977,-0.2920185499331357,0
15.1005,-0.06560315809896662,-0.356581572649935,0,-0.06560315809896662,-0.356581572649935,0,-0.0515570615315113,-0.03490772512119734,0,-0.3667773527742571,-0.2178226411311089,0
15.1105,-0.0661351001923399,-0.3569415098500064,0,-0.0661351001923399,-0.3569415098500064,0,-0.05437633411828817,-0.03694676338047923,0,-0.1847653474826567,-0.1961716504791823,0
15.1205,-0.06668456550195265,-0.3573209732568599,0,-0.06668456550195265,-0.3573209732568599,0,-0.05515720462245679,-0.03880679138939588,0,0.003761648352727366,-0.172248211784175,0
15.1305,-0.06723392466852843,-0.3577172972097115,0,-0.06723392466852843,-0.3577172972097115,0,-0.05465866701470375,-0.04035402189547917,0,0.06520407627123373,-0.149450934962803,0
15.1405,-0.06777877832459157,-0.3581301203505665,0,-0.06777877832459157,-0.3581301203505665,0,-0.05445563990192424,-0.04223235199689529,0,-0.02964321842525944,-0.2308752105993185,0
15.1505,-0.06832483332279703,-0.3585645018462569,0,-0.06832483332279703,-0.3585645018462569,0,-0.05477755403083177,-0.04454605486123191,0,-0.01331594242276312,-0.2092476600567191,0
15.1605,-0.06887478627242824,-0.3590214097518117,0,-0.06887478627242824,-0.3590214097518117,0,-0.05513721846145697,-0.04659842181145758,0,-0.06463575322177091,-0.2012066600850075,0
15.1705,-0.06942510388723967,-0.3594927642172574,0,-0.06942510388723967,-0.3594927642172574,0,-0.05492818507454032,-0.04748323531204773,0,0.1021894541505204,0.01898652784785822,0
15.1805,-0.06997966274358398,-0.359973773197015,0,-0.06997966274358398,-0.359973773197015,0,-0.05631437050985941,-0.04883684654035182,0,-0.4397002799990987,-0.3437186491615972,0
15.1905,-0.07055284710718088,-0.3604677369957719,0,-0.07055284710718088,-0.3604677369957719,0,-0.05798537079020148,-0.04958666262816581,0,0.3933121303778691,0.421856048510128,0
15.2005,-0.07108497015299245,-0.3609182170416656,0,-0.07108497015299245,-0.3609182170416656,0,-0.05352751010246941,-0.04482684820461109,0,-0.03710523316364434,0.07676774909995036,0
15.2105,-0.07166765956264497,-0.3614004333087998,0,-0.07166765956264497,-0.3614004333087998,0,-0.05716212491175966,-0.04672097733006435,0,-0.06623275245542459,0.06479021526169547,0
15.2205,-0.07220948840648161,-0.3618367753656511,0,-0.07220948840648161,-0.3618367753656511,0,-0.05131151313936451,-0.04078880275260519,0,0.7765638185172853,0.7199462164556032,0
15.2305,-0.07269784664671589,-0.3622231049334695,0,-0.07269784664671589,-0.3622231049334695,0,-0.04663455771086562,-0.03699161677929556,0,0.3298529134935279,0.1733984611208707,0
15.2405,-0.07313877990604351,-0.3625813664061635,0,-0.07313877990604351,-0.3625813664061635,0,-0.04174766922530997,-0.03507122216107472,0,0.5889088118177065,0.1808435728440151,0
15.2505,-0.07352750252582783,-0.3629266094130255,0,-0.07352750252582783,-0.3629266094130255,0,-0.03609666269688909,-0.0339762391722111,0,0.563734166919016,0.0959786733355103,0
15.2605,-0.07385732692770891,-0.3632582298801485,0,-0.07385732692770891,-0.3632582298801485,0,-0.03034854427415358,-0.03236840295724767,0,0.5289201869136361,0.193976092636731,0
15.2705,-0.07413861556794032,-0.3635729592239232,0,-0.07413861556794032,-0.3635729592239232,0,-0.02646215949546617,-0.03067919154075097,0,0.2783207282119419,0.1522607351990955,0
15.2805,-0.07438998524684154,-0.3638709719147707,0,-0.07438998524684154,-0.3638709719147707,0,-0.0240148947542045,-0.02896286152539927,0,0.2451418154663718,0.1964844713238747,0
15.2905,-0.07461605506681579,-0.3641492202589587,0,-0.07461605506681579,-0.3641492202589587,0,-0.02118128761589928,-0.026677681734063,0,0.3241059436575695,0.2588649991898716,0
15.3005,-0.0748099432662475,-0.3644016256120394,0,-0.0748099432662475,-0.3644016256120394,0,-0.01777852379348129,-0.02393503144325359,0,0.3264045476783041,0.269157422432255,0
15.3105,-0.07497293664258887,-0.3646284132828543,0,-0.07497293664258887,-0.3646284132828543,0,-0.0151734853574273,-0.0216934356533121,0,0.1945905842155718,0.1752214507665564,0
15.3205,-0.0751164391708017,-0.3648378552253523,0,-0.0751164391708017,-0.3648378552253523,0,-0.01372310483784145,-0.02037372691290061,0,0.1195816842995899,0.1081178192765348,0
15.3305,-0.07524715755114028,-0.3650354785194969,0,-0.07524715755114028,-0.3650354785194969,0,-0.01243213234297988,-0.01912287497532476,0,0.1469810770000317,0.1577268870833581,0
15.3405,-0.07536306601363327,-0.3652166402201459,0,-0.07536306601363327,-0.3652166402201459,0,-0.01079269825429106,-0.01707582826224121,0,0.17107633460676,0.23758120664617,0
15.3505,-0.07546228688956537,-0.3653750475389752,0,-0.07546228688956537,-0.3653750475389752,0,-0.009168363201816281,-0.01480378192454453,0,0.1514945503683798,0.1916283847624128,0
15.3605,-0.0755463717072906,-0.365516027145868,0,-0.0755463717072906,-0.365516027145868,0,-0.007739935306095371,-0.01373449303083643,0,0.1385502405111572,0.02179860069611933,0
15.3705,-0.07561654592851642,-0.3656551210715234,0,-0.07561654592851642,-0.3656551210715234,0,-0.006374429219330452,-0.01425519678114926,0,0.1319598647585497,-0.09574824873015914,0
15.3805,-0.07567401505039717,-0.3658026163218884,0,-0.07567401505039717,-0.3658026163218884,0,-0.005250787836716005,-0.01512073993447806,0,0.08708604997775105,-0.05703321442308616,0
15.3905,-0.07572324496276574,-0.3659547538042583,0,-0.07572324496276574,-0.3659547538042583,0,-0.004738046220355241,-0.01514944051888112,0,0.02042988735318353,0.04285001761089257,0
15.4005,-0.07577056063927676,-0.3661035438927674,0,-0.07577056063927676,-0.3661035438927674,0,-0.004760399639118847,-0.01455861371497832,0,-0.01564943514866201,0.05399738079391016,0
15.4105,-0.07581882038456973,-0.3662467588163773,0,-0.07581882038456973,-0.3662467588163773,0,-0.004900800019996533,-0.01427870435278009,0,-0.006961687902880886,0.007015055830106005,0
15.4205,-0.07586793862220867,-0.3663899525925764,0,-0.07586793862220867,-0.3663899525925764,0,-0.004896153141610114,-0.01437424217226479,0,0.001717395100693961,-0.02747577614453752,0
15.4305,-0.07591719837984899,-0.3665363817147874,0,-0.07591719837984899,-0.3665363817147874,0,-0.004989208655546066,-0.01499277769545954,0,-0.02161538743199131,-0.09870962974386906,0
15.4405,-0.07596855446283589,-0.3666930808459219,0,-0.07596855446283589,-0.3666930808459219,0,-0.005280104972514422,-0.01640867448318417,0,-0.02857258164308347,-0.1746804346149405,0
15.4505,-0.07602211381491879,-0.3668667355180504,0,-0.07602211381491879,-0.3668667355180504,0,-0.00533307560809766,-0.01821257791239149,0,0.02655286381891181,-0.1672986803118479,0
15.4605,-0.07607224659995204,-0.3670561507957356,0,-0.07607224659995204,-0.3670561507957356,0,-0.004572125268826208,-0.0194686323493029,0,0.120995448899461,-0.08587171937385996,0
15.4705,-0.07611023586598355,-0.3672542127899054,0,-0.07611023586598355,-0.3672542127899054,0,-0.003012496670989052,-0.02004632255589105,0,0.1769655296750301,-0.04321768785030801,0
15.4805,-0.0761308937360808,-0.3674569130939986,0,-0.0761308937360808,-0.3674569130939986,0,-0.001208161462191435,-0.02047682887580353,0,0.1798455487067822,-0.04433271122059144,0
15.4905,-0.07613336361935358,-0.3676638900680647,0,-0.07613336361935358,-0.3676638900680647,0,0.0006552468651507389,-0.02088007349871308,0,0.1993849593856365,-0.03444400005492795,0
15.5005,-0.07611551633316713,-0.3678744387982725,0,-0.07611551633316713,-0.3678744387982725,0,0.002867013628863943,-0.0212286493819058,0,0.2360140874067208,-0.04382716331509191,0
15.5105,-0.07607482487162082,-0.3680900675098545,0,-0.07607482487162082,-0.3680900675098545,0,0.005077085674522891,-0.02196664309967637,0,0.188733390725542,-0.1052999396639599,0
15.5205,-0.0760164406778603,-0.3683162246357279,0,-0.0760164406778603,-0.3683162246357279,0,0.006327848011507414,-0.02324970469842458,0,0.06615755066648669,-0.1357566869939041,0
15.5305,-0.07595133951161533,-0.3685551463248194,0,-0.07595133951161533,-0.3685551463248194,0,0.006585503649989622,-0.0243916965252021,0,0.007217068881544427,-0.08751450346944316,0
15.5405,-0.07588480904044081,-0.3688027770217018,0,-0.07588480904044081,-0.3688027770217018,0,0.00675556478257759,-0.02505435762925617,0,0.03009898175769713,-0.05817269531758423,0
15.5505,-0.07581549487280206,-0.3690566478182034,0,-0.07581549487280206,-0.3690566478182034,0,0.007078948740624641,-0.02570708936809412,0,0.02477005735710831,-0.06756650019459459,0
15.5605,-0.07574401386980022,-0.3693160644447048,0,-0.07574401386980022,-0.3693160644447048,0,0.007176620863739863,-0.02598308017290878,0,0.004226160148109257,0.03655849221947848,0
15.5705,-0.07567101864052385,-0.3695697498402966,0,-0.07567101864052385,-0.3695697498402966,0,0.007544284050361534,-0.02443739122988612,0,0.08541651431142944,0.2669717739574113,0
15.5805,-0.07558839929748126,-0.3697965800543508,0,-0.07558839929748126,-0.3697965800543508,0,0.009134216211707999,-0.02089513896068315,0,0.2219930285783043,0.3977583048560088,0
15.5905,-0.07548368761197553,-0.3699858346259841,0,-0.07548368761197553,-0.3699858346259841,0,0.01176770310072516,-0.01732283367288729,0,0.2829227553208161,0.2904233416865173,0
15.6005,-0.07535150498845734,-0.3701471597443565,0,-0.07535150498845734,-0.3701471597443565,0,0.01442624265522679,-0.01524457597134619,0,0.2382226912602456,0.1525060617337299,0
15.6105,-0.07519625726859026,-0.3702915736320921,0,-0.07519625726859026,-0.3702915736320921,0,0.01645656692461509,-0.01369228617263906,0,0.1751730694023435,0.1871937577371652,0
15.6205,-0.07502340627804728,-0.3704157184269347,0,-0.07502340627804728,-0.3704157184269347,0,0.01794842479049932,-0.01096426459693142,0,0.1268840465786433,0.3614311923458422,0
15.6305,-0.0748376368885941,-0.3705031623369799,0,-0.0748376368885941,-0.3705031623369799,0,0.01916493905396397,-0.006532679539694497,0,0.134893606873744,0.4941996982882932,0
15.6405,-0.07463693301689102,-0.3705424790628743,0,-0.07463693301689102,-0.3705424790628743,0,0.02108681102575859,-0.001637989552135839,0,0.2564892205668604,0.4599873211948202,0
15.6505,-0.0744101017191878,-0.3705371925000415,0,-0.0744101017191878,-0.3705371925000415,0,0.02429183495010432,0.002256365126070737,0,0.3591012677017865,0.3176326166160716,0
15.6605,-0.07414887623865063,-0.3705007627392483,0,-0.07414887623865063,-0.3705007627392483,0,0.02764731937229811,0.004692780160023641,0,0.2827483116789719,0.1873933841029587,0
15.6705,-0.07386120232504366,-0.3704453020984939,0,-0.07386120232504366,-0.3704453020984939,0,0.0294651468810785,0.006242953257120923,0,0.08727540242265461,0.137448647845354,0
15.6805,-0.07356512697071475,-0.3703759792565258,0,-0.07356512697071475,-0.3703759792565258,0,0.02951754294986908,0.007523692241213533,0,-0.05325450859336812,0.1156189390879324,0
15.6905,-0.0732743124839513,-0.3702959585853634,0,-0.0732743124839513,-0.3702959585853634,0,0.02856602229474114,0.008289939125823445,0,-0.1320279420336476,0.02657538131135874,0
15.7005,-0.0729975632115339,-0.370214491855947,0,-0.0729975632115339,-0.370214491855947,0,0.02667812497477531,0.00777444292930639,0,-0.2503525234202582,-0.1240356056700347,0
15.7105,-0.07274680525649581,-0.3701456201252638,0,-0.07274680525649581,-0.3701456201252638,0,0.02339672732173145,0.00593238975939681,0,-0.3936752078095296,-0.2215306011635637,0
15.7205,-0.07253518198116367,-0.3700980783256198,0,-0.07253518198116367,-0.3700980783256198,0,0.01905428499059151,0.003720091509859322,0,-0.4508239968688262,-0.2051145582928116,0
15.7305,-0.07236758088839843,-0.3700703265214454,0,-0.07236758088839843,-0.3700703265214454,0,0.01478622873304934,0.002035511019494039,0,-0.3902448450689823,-0.1339710770043718,0
15.7405,-0.07223806364781088,-0.3700558514285693,0,-0.07223806364781088,-0.3700558514285693,0,0.01147959019188365,0.0009944043476527596,0,-0.2731363506585034,-0.08334888858508827,0
15.7505,-0.07213526163702325,-0.3700498785509916,0,-0.07213526163702325,-0.3700498785509916,0,0.009380876314371879,0.0002586639900138825,0,-0.1561706065096337,-0.06916793720313354,0
15.7605,-0.07204800131954475,-0.370050879111412,0,-0.07204800131954475,-0.370050879111412,0,0.008239344758711948,-0.0004181311459644404,0,-0.08816800293669211,-0.06454175622828397,0
15.7705,-0.07197017921065535,-0.3700579655702894,0,-0.07197017921065535,-0.3700579655702894,0,0.00734020228324378,-0.0009117677717790249,0,-0.1032419707138029,-0.02776905403697728,0
15.7805,-0.07190301617772459,-0.3700670656858802,0,-0.07190301617772459,-0.3700670656858802,0,0.006101636484310907,-0.0007673989470907288,0,-0.1336367961426504,0.05970167254666357,0
15.7905,-0.0718481121408408,-0.3700694557607575,0,-0.0718481121408408,-0.3700694557607575,0,0.005070800779304525,0.0004200443507139391,0,-0.05299837435980836,0.1732554631112449,0
15.8005,-0.07179691515874875,-0.3700540197792508,0,-0.07179691515874875,-0.3700540197792508,0,0.005464734149530475,0.002733681567004907,0,0.1309728425933077,0.2814324363641532,0
15.8105,-0.07173174061438332,-0.3700102962745832,0,-0.07173174061438332,-0.3700102962745832,0,0.00775855532732679,0.005967331855063979,0,0.3103592276232267,0.3501266905450603,0
15.8205,-0.07163514070437194,-0.3699320408678682,0,-0.07163514070437194,-0.3699320408678682,0,0.01156388881648737,0.009477869366529433,0,0.4398172066586061,0.3443519133856923,0
15.8305,-0.07149392775740021,-0.3698191364474692,0,-0.07149392775740021,-0.3698191364474692,0,0.01666650565731309,0.01299077664976393,0,0.5774010474999021,0.3752454012522075,0
15.8405,-0.07129442370207516,-0.3696672997839683,0,-0.07129442370207516,-0.3696672997839683,0,0.02309425230078093,0.01737009866076754,0,0.6899093680876348,0.5012404992864896,0
15.8505,-0.07102649683573854,-0.3694653105445354,0,-0.07102649683573854,-0.3694653105445354,0,0.03016162234766053,0.02286692098429699,0,0.7054176145889024,0.5700171632481682,0
15.8605,-0.07068886385588842,-0.3692078035273066,0,-0.07068886385588842,-0.3692078035273066,0,0.03691496519232981,0.0282139154994001,0,0.641798439547582,0.4848939077097354,0
15.8705,-0.07028717746338169,-0.3689022037467966,0,-0.07028717746338169,-0.3689022037467966,0,0.04304750733221178,0.03256867731959978,0,0.5993346759484609,0.4121767260128489,0
15.8805,-0.06982490893052001,-0.3685538191440373,0,-0.06982490893052001,-0.3685538191440373,0,0.04914882302887251,0.03704093639542543,0,0.625351235119096,0.5000795917848427,0
15.8905,-0.06930034390836264,-0.3681547679272612,0,-0.06930034390836264,-0.3681547679272612,0,0.05543143926920946,0.04265201428055537,0,0.6150328798957913,0.5972660152126299,0
15.9005,-0.06871548148598534,-0.3676975645691464,0,-0.06871548148598534,-0.3676975645691464,0,0.06107861321948518,0.04835889478209283,0,0.5109547680949263,0.5170041194345962,0
15.9105,-0.06807960670950672,-0.3671901944137115,0,-0.06807960670950672,-0.3671901944137115,0,0.06576671527288842,0.05261256483671722,0,0.4523390571087824,0.3457732402830625,0
15.9205,-0.06739710107332486,-0.366647977974386,0,-0.06739710107332486,-0.366647977974386,0,0.07063575224199234,0.05556708480207592,0,0.5336629198132201,0.2722260284436588,0
15.9305,-0.06666096716219096,-0.3660777801989057,0,-0.06666096716219096,-0.3660777801989057,0,0.07640049990207683,0.058367845868717,0,0.5928761659381535,0.2900598251509151,0
15.9405,-0.06586731168175457,-0.3654791758839193,0,-0.06586731168175457,-0.3654791758839193,0,0.08185544388563824,0.06113677504700043,0,0.4774315813130706,0.2452536122430205,0
15.9505,-0.06502712482571525,-0.3648575253056676,0,-0.06502712482571525,-0.3648575253056676,0,0.08571251322369447,0.06285348511839454,0,0.3131915738928148,0.09691880409275616,0
15.9605,-0.06415512874922884,-0.3642265573054466,0,-0.06415512874922884,-0.3642265573054466,0,0.08846990493778543,0.06314630253706492,0,0.2601942837336308,-0.01262296159089543,0
15.9705,-0.0632567710652769,-0.3635958124656976,0,-0.0632567710652769,-0.3635958124656976,0,0.09106049103087145,0.06305110778777537,0,0.2535231580054182,0.009597490561510359,0
15.9805,-0.06233381199285633,-0.3629639119504747,0,-0.06233381199285633,-0.3629639119504747,0,0.09332322150036516,0.06335987987741949,0,0.1961707204004095,0.03517459433067408,0
15.9905,-0.06139093185294559,-0.3623296820377908,0,-0.06139093185294559,-0.3623296820377908,0,0.09513894350894797,0.06332582067875157,0,0.1869559474597984,-0.05350014002661628,0
16.0005,-0.06042860996983762,-0.3617015701732829,0,-0.06042860996983762,-0.3617015701732829,0,0.09737244631770899,0.06221533478725012,0,0.2584661272988895,-0.1475219293621126,0
16.0105,-0.0594416023397568,-0.3610872677787642,0,-0.0594416023397568,-0.3610872677787642,0,0.1000796001661747,0.06094625842491058,0,0.2548367473343405,-0.08203947215504676,0
16.0205,-0.05842921670518691,-0.3604788255390859,0,-0.05842921670518691,-0.3604788255390859,0,0.1016779746974873,0.06076390050654641,0,0.05114008704599437,0.02901488125690943,0
16.0305,-0.05741380574882756,-0.3598689148683374,0,-0.05741380574882756,-0.3598689148683374,0,0.1012562871872793,0.06127682307080927,0,-0.09779431762439134,0.05608999726344933,0
16.0405,-0.05640808965314927,-0.3592545205696094,0,-0.05640808965314927,-0.3592545205696094,0,0.09979939524097028,0.06143944486142834,0,-0.1997649332677148,-0.03428785308348412,0
16.0505,-0.05542219825795822,-0.3586432821566856,0,-0.05542219825795822,-0.3586432821566856,0,0.09732596653128761,0.06073641419794502,0,-0.2782040108080627,-0.08569428229964178,0
16.0605,-0.05446662259678434,-0.3580420317241279,0,-0.05446662259678434,-0.3580420317241279,0,0.09377174254626407,0.05943963338959907,0,-0.452393978891829,-0.2019897184008774,0
16.0705,-0.05355349258185427,-0.3574613804024804,0,-0.05355349258185427,-0.3574613804024804,0,0.0889132110114894,0.05643066563855349,0,-0.4599237548905482,-0.384436439666364,0
16.0805,-0.05269125122083562,-0.3569233867299194,0,-0.05269125122083562,-0.3569233867299194,0,0.08380381047031796,0.05108975924223103,0,-0.6326888663914976,-0.692149724800349,0
16.0905,-0.05188428599579055,-0.3564483649194887,0,-0.05188428599579055,-0.3564483649194887,0,0.07771195710591546,0.04422579010175512,0,-0.4430773869086406,-0.5501815359928579,0
16.1005,-0.05113269306125293,-0.3560318280534491,0,-0.05113269306125293,-0.3560318280534491,0,0.07330996820852029,0.04000436713489182,0,-0.6450379067881972,-0.4090744370925389,0
16.1105,-0.05042531026824326,-0.3556440811139852,0,-0.05042531026824326,-0.3556440811139852,0,0.06820967208151778,0.03783578415715688,0,0.03164707297489316,0.159455732872173,0
16.1205,-0.04974028466326315,-0.3552570375556843,0,-0.04974028466326315,-0.3552570375556843,0,0.07037809643469982,0.04027257178707175,0,-0.4213938878384901,-0.1725053553107842,0
16.1305,-0.04906567711972773,-0.3548703570353207,0,-0.04906567711972773,-0.3548703570353207,0,0.05618374577901055,0.03210337103327204,0,-1.36669580617259,-0.8426630534105713,0
16.1405,-0.04854395435403974,-0.3545758669148498,0,-0.04854395435403974,-0.3545758669148498,0,0.0580835953292303,0.03250755162407604,0,1.079182678152662,0.5831941648768418,0
16.1505,-0.04793974765937916,-0.3542343495578407,0,-0.04793974765937916,-0.3542343495578407,0,0.05915969120117778,0.03424898642072414,0,-0.9138622826874103,-0.241572553784909,0
16.1605,-0.04739850411538787,-0.3538992848951487,0,-0.04739850411538787,-0.3538992848951487,0,0.0507213488282281,0.03390733380757404,0,-0.3782141125608379,0.3350129209994586,0
16.1705,-0.04689761186312646,-0.3535348828164239,0,-0.04689761186312646,-0.3535348828164239,0,0.04974314461260382,0.03874823748617937,0,-0.07393694049894176,0.4461533565461099,0
16.1805,-0.04640600932197653,-0.3531281302984277,0,-0.04640600932197653,-0.3531281302984277,0,0.04894884036619668,0.04237903551831246,0,-0.005954087765691663,0.3491997489028421,0
16.1905,-0.0459138067929201,-0.3526846159815076,0,-0.0459138067929201,-0.3526846159815076,0,0.0493095375208658,0.04607887966829237,0,0.01352861394106184,0.3741079756919086,0
16.2005,-0.04541991515096637,-0.3522035065825629,0,-0.04541991515096637,-0.3522035065825629,0,0.04991914970603362,0.05022211598506653,0,0.2053792237989077,0.4883169803840384,0
16.2105,-0.04489900346597864,-0.3516708773574732,0,-0.04489900346597864,-0.3516708773574732,0,0.05461185512279753,0.05610785868143412,0,0.6771899461175866,0.6545310358786037,0
16.2205,-0.04431366938954156,-0.3510755903843401,0,-0.04431366938954156,-0.3510755903843401,0,0.06239643206445877,0.06265525466535574,0,0.8143756900184688,0.6197152210492382,0
16.2305,-0.04364917784708251,-0.3504216581658392,0,-0.04364917784708251,-0.3504216581658392,0,0.06986444140002478,0.06733503233548262,0,0.6495064868197292,0.2620304232816666,0
16.2405,-0.04292106544110126,-0.3497478454693305,0,-0.04292106544110126,-0.3497478454693305,0,0.07514663719825777,0.06618211110846364,0,0.4369790206589499,-0.5060882702155712,0
16.2505,-0.04214920565790127,-0.3491297195406904,0,-0.04214920565790127,-0.3491297195406904,0,0.07880784273489405,0.05649725216943786,0,0.2937824149579167,-1.365924867809965,0
16.2605,-0.04135092385531895,-0.348649326945169,0,-0.04135092385531895,-0.348649326945169,0,0.08020543570597882,0.03949174703959295,0,-0.04752933740059383,-1.94015540555829,0
16.2705,-0.04056208142698083,-0.3483611342148943,0,-0.04056208142698083,-0.3483611342148943,0,0.07673616914225707,0.01894370678738286,0,-0.6398727847903668,-2.090382664583906,0
16.2805,-0.03983960927699789,-0.3482782381719269,0,-0.03983960927699789,-0.3482782381719269,0,0.06736184705590459,-0.0009326122495237774,0,-1.163307998897826,-1.837158251460368,0
16.2905,-0.0392317948114501,-0.3483746692320402,0,-0.0392317948114501,-0.3483746692320402,0,0.05462339811904544,-0.01668061184614643,0,-1.303386335945006,-1.31152391453741,0
16.3005,-0.03875048476908946,-0.3485990938936243,0,-0.03875048476908946,-0.3485990938936243,0,0.04269030609984026,-0.0267550892726312,0,-1.040559870940739,-0.7422820749547953,0
16.3105,-0.0383692946128877,-0.3488960701774028,0,-0.0383692946128877,-0.3488960701774028,0,0.03477225319184102,-0.03162443668877681,0,-0.5476489581379722,-0.2731410262438108,0
16.3205,-0.0380401294227164,-0.3492188007613617,0,-0.0380401294227164,-0.3492188007613617,0,0.03204779663295965,-0.03222897423912635,0,-0.03502442091858068,0.1285657093250945,0
16.3305,-0.03771335176092217,-0.3495265812410638,0,-0.03771335176092217,-0.3495265812410638,0,0.03384860642135472,-0.02881994343778015,0,0.3485048016445621,0.5360469526447844,0
16.3405,-0.03735149090083206,-0.34977878410375,0,-0.03735149090083206,-0.34977878410375,0,0.03865925599055768,-0.02134479514688456,0,0.5808220758458984,0.9274108943394017,0
16.3505,-0.03693154648615073,-0.3499380661951591,0,-0.03693154648615073,-0.3499380661951591,0,0.04521770290994133,-0.01067863433780399,0,0.711853239120112,1.151243203064788,0
16.3605,-0.03644022687731237,-0.3499843670601027,0,-0.03644022687731237,-0.3499843670601027,0,0.0528008610777309,0.0007227300822818553,0,0.7961660886827779,1.085777045032364,0
16.3705,-0.03586944853272347,-0.3499245878407207,0,-0.03586944853272347,-0.3499245878407207,0,0.06100086573787913,0.01033452026820243,0,0.8268006839583019,0.8380160455685108,0
16.3805,-0.03521708078605794,-0.3497817360814635,0,-0.03521708078605794,-0.3497817360814635,0,0.06891815788980456,0.01753743546467268,0,0.7391300928540073,0.6337999070927072,0
16.3905,-0.03449284271843398,-0.3495752882847569,0,-0.03449284271843398,-0.3495752882847569,0,0.07524168123319513,0.02330472294815552,0,0.5144117160744459,0.5329361102059156,0
16.4005,-0.03371875448313198,-0.3493159054445269,0,-0.03371875448313198,-0.3493159054445269,0,0.07896369861276772,0.02820120863210212,0,0.2647086528987923,0.4579770977276658,0
16.4105,-0.03291741394841656,-0.3490101568966823,0,-0.03291741394841656,-0.3490101568966823,0,0.08113702585589186,0.03274003328421989,0,0.1838746628564225,0.4544527631966994,0
16.4205,-0.03209899840184065,-0.3486598719345348,0,-0.03209899840184065,-0.3486598719345348,0,0.08211254193683319,0.03694783410423635,0,0.01668294308062634,0.3794308607397998,0
16.4305,-0.03127633842115309,-0.3482709348217121,0,-0.03127633842115309,-0.3482709348217121,0,0.08245868010942005,0.04054581376887929,0,0.06994584128283499,0.3352551669875359,0
16.4405,-0.03045342178188545,-0.3478536786346205,0,-0.03045342178188545,-0.3478536786346205,0,0.08203908675489245,0.04251687927774407,0,-0.152289995069908,0.0671297765872582,0
16.4505,-0.02963001265714995,-0.3474202737858523,0,-0.02963001265714995,-0.3474202737858523,0,0.08289348370638386,0.04416486703116517,0,0.351832055078147,0.3089526551636671,0
16.4605,-0.02880524815739296,-0.3469743085713232,0,-0.02880524815739296,-0.3469743085713232,0,0.08109353629105222,0.04454910441578196,0,-1.02027754876636,-0.4070120981508608,0
16.4705,-0.02808222327790675,-0.3465684241539753,0,-0.02808222327790675,-0.3465684241539753,0,0.07014850321554149,0.04037334253922843,0,-0.4716119981356987,-0.03341125791522416,0
16.4805,-0.02734865336851826,-0.3461327638025156,0,-0.02734865336851826,-0.3461327638025156,0,0.06915498098178004,0.04253224376300285,0,-0.5147938016563184,0.01049929319130712,0
16.4905,-0.02672643363438603,-0.3457302810634552,0,-0.02672643363438603,-0.3457302810634552,0,0.05641693954242565,0.03847264592190697,0,-1.404061011920248,-0.4772030685210628,0
16.5005,-0.02620982166032061,-0.3453566465584497,0,-0.02620982166032061,-0.3453566465584497,0,0.04782292839742988,0.03650162916580534,0,-0.5487171145108307,-0.06722145572260999,0
16.5105,-0.02576431369578074,-0.3450006370954983,0,-0.02576431369578074,-0.3450006370954983,0,0.04214849738849289,0.03480761348617772,0,-0.5103550367790113,-0.2270750320815912,0
16.5205,-0.0253598905331968,-0.3446619773977692,0,-0.0253598905331968,-0.3446619773977692,0,0.03912245878915258,0.03295282104661845,0,-0.1826449451119719,-0.163346897690888,0
16.5305,-0.02497902270716297,-0.3443416741122695,0,-0.02497902270716297,-0.3443416741122695,0,0.03738390448253816,0.03135024840168991,0,-0.1362980100639408,-0.1274183094512346,0
16.5405,-0.02460804405657452,-0.3440318147310207,0,-0.02460804405657452,-0.3440318147310207,0,0.0369992287977206,0.03078435149430229,0,0.02155922195224071,-0.01440822339911686,0
16.5505,-0.02423756996172356,-0.3437249339937634,0,-0.02423756996172356,-0.3437249339937634,0,0.0370705336714492,0.03061687179230882,0,-0.01780966151813978,-0.01747802168935648,0
16.5605,-0.02386873527400274,-0.3434185143578176,0,-0.02386873527400274,-0.3434185143578176,0,0.03658864959551704,0.03078227491994212,0,-0.0789068455334495,0.06296555041882827,0
16.5705,-0.02350818803272823,-0.343104872629879,0,-0.02350818803272823,-0.343104872629879,0,0.03551620486658773,0.03210784010736057,0,-0.1253188189051347,0.1932746669915733,0
16.5805,-0.02316068407531762,-0.3427724392471163,0,-0.02316068407531762,-0.3427724392471163,0,0.03388927738733991,0.03428661142000934,0,-0.2270217959086249,0.2090613445544388,0
16.5905,-0.02283926442256782,-0.3424207573497443,0,-0.02283926442256782,-0.3424207573497443,0,0.03001889132074004,0.03576595374536234,0,-0.563426861314685,0.08766780107219815,0
16.6005,-0.02257606565677797,-0.3420601589565899,0,-0.02257606565677797,-0.3420601589565899,0,0.02244216521811522,0.03623427311149192,0,-0.8964411894991146,0.02622751681661347,0
16.6105,-0.02239970348134593,-0.3416966461840431,0,-0.02239970348134593,-0.3416966461840431,0,0.01339748780078847,0.03640311881651634,0,-0.8376647260285918,0.0005515942498003477,0
16.6205,-0.02230368967154147,-0.341335310386194,0,-0.02230368967154147,-0.341335310386194,0,0.006685503920710397,0.03565745633174697,0,-0.5304807940381958,-0.1847746936775173,0
16.6305,-0.02226320513459601,-0.3409957653070987,0,-0.02226320513459601,-0.3409957653070987,0,0.001537924318523738,0.03166722968715838,0,-0.5892678235028326,-0.6156176579853018,0
16.6405,-0.02228649173220797,-0.3407196702472477,0,-0.02228649173220797,-0.3407196702472477,0,-0.006502881475357883,0.02335404885554233,0,-1.003963799162596,-0.9913417544627738,0
16.6505,-0.02240870021480617,-0.3405418317723445,0,-0.02240870021480617,-0.3405418317723445,0,-0.01753038917174356,0.01252611415638205,0,-1.101179248752072,-1.135327125147678,0
16.6605,-0.02263593738212393,-0.3404772101904939,0,-0.02263593738212393,-0.3404772101904939,0,-0.02681552395554448,0.0009057200879766714,0,-0.7331550809955716,-1.182801721200067,0
16.6705,-0.02293462808698679,-0.3405302965283842,0,-0.02293462808698679,-0.3405302965283842,0,-0.03203342001683446,-0.0108530285286209,0,-0.3494627867454561,-1.130891085832008,0
16.6805,-0.02326630652673426,-0.340691640163399,0,-0.02326630652673426,-0.340691640163399,0,-0.03354748480583072,-0.02017115196297208,0,0.06173918318272213,-0.6755025334077565,0
16.6905,-0.02358683495709538,-0.3409151093497962,0,-0.02358683495709538,-0.3409151093497962,0,-0.0296753481025447,-0.02320061657484968,0,0.6992419341873647,0.02143793796352993,0
16.7005,-0.02383622814068774,-0.3411365430566166,0,-0.02383622814068774,-0.3411365430566166,0,-0.01996130588677972,-0.02057358977240161,0,1.147365436144316,0.426570259234626,0
16.7105,-0.02397265521537491,-0.3413130844000096,0,-0.02397265521537491,-0.3413130844000096,0,-0.007704821990877474,-0.01424287141186296,0,1.302769387043223,0.9174240580816108,0
16.7205,-0.02397230486323851,-0.3413849124778888,0,-0.02397230486323851,-0.3413849124778888,0,0.008108310883911925,0.001421567207870543,0,1.963890397536382,2.287652994431408,0
16.7305,-0.02376686426806067,-0.3412205283467846,0,-0.02376686426806067,-0.3412205283467846,0,0.03345964805493454,0.0320887843309515,0,2.99143706907755,3.583676217978288,0
16.7405,-0.0232712876897558,-0.3407135776836524,0,-0.0232712876897558,-0.3407135776836524,0,0.06364966359733958,0.06638151040465004,0,2.736289218679183,2.926460259409307,0
16.7505,-0.02252134727490663,-0.3399337597031111,0,-0.02252134727490663,-0.3399337597031111,0,0.08245952106908688,0.08528915476815718,0,1.021395583754611,0.9560846262244618,0
16.7605,-0.0216688200586435,-0.3390533957983607,0,-0.0216688200586435,-0.3390533957983607,0,0.08652388782664965,0.08958943406075014,0,0.1914541035490478,0.3125290030141212,0
16.7705,-0.02077585424615769,-0.338124430255739,0,-0.02077585424615769,-0.338124430255739,0,0.09384416375991105,0.09752197344354972,0,1.423693379821489,1.29573494806361,0
16.7805,-0.01973843440563575,-0.337072831158189,0,-0.01973843440563575,-0.337072831158189,0,0.1142103686942986,0.11210047245214,0,2.341735405799689,1.316602212261913,0
16.7905,-0.0184787944075006,-0.3359023512390973,0,-0.0184787944075006,-0.3359023512390973,0,0.1351531867453876,0.1194157959425299,0,1.604798373112551,0.1165192822965247,0
16.8005,-0.01708189193677436,-0.334728768270073,0,-0.01708189193677436,-0.334728768270073,0,0.1412282679926782,0.1142704545572244,0,-0.2330167882141848,-0.8597514834407471,0
16.8105,-0.01568286107519004,-0.3336134856060295,0,-0.01568286107519004,-0.3336134856060295,0,0.1382172709234061,0.110076619285273,0,-0.1457917344619414,0.07645682172049585,0
16.8205,-0.01434322397887026,-0.3325326463612876,0,-0.01434322397887026,-0.3325326463612876,0,0.1285610082870327,0.1048144979095578,0,-2.149263752263876,-1.59845443269845,0
16.8305,-0.01321485063057793,-0.33161817205108,0,-0.01321485063057793,-0.33161817205108,0,0.1081044443940215,0.0858068050726723,0,-0.9179071956372949,-1.3873610334114,0
16.8405,-0.01209195692651893,-0.3307741638234749,0,-0.01209195692651893,-0.3307741638234749,0,0.1055546262131689,0.07373830594314558,0,-0.8447071836714578,-1.888405008181133,0
16.8505,-0.01114657587253912,-0.3301870667979957,0,-0.01114657587253912,-0.3301870667979957,0,0.08500347185849759,0.0459838473094895,0,-2.362557078640497,-2.821537818229823,0
16.8605,-0.0103891917688469,-0.3298374712005396,0,-0.0103891917688469,-0.3298374712005396,0,0.06729867658820879,0.02595600037887568,0,-1.532667227138979,-1.507972112632266,0
16.8705,-0.00981056525793818,-0.3296584048243478,0,-0.00981056525793818,-0.3296584048243478,0,0.04967318284081752,0.01160679982606447,0,-1.797906344979192,-1.274156492064224,0
16.8805,-0.00939353803893166,-0.3295927068318416,0,-0.00939353803893166,-0.3295927068318416,0,0.03497259855590856,0.002682064521522637,0,-1.221009049726393,-0.6188862088422785,0
16.8905,-0.009104096988606862,-0.329593875490758,0,-0.009104096988606862,-0.329593875490758,0,0.02427214711282509,-0.001924291588184057,0,-0.8865052684143687,-0.2888343276169457,0
16.9005,-0.008897150369740174,-0.329619169537178,0,-0.008897150369740174,-0.329619169537178,0,0.01800496253348098,-0.002633495296203161,0,-0.4477206276265472,0.06829641290068358,0
16.9105,-0.008737969795124059,-0.3296414265308053,0,-0.008737969795124059,-0.3296414265308053,0,0.01433344199192337,-0.001808535419276918,0,-0.2970600047031146,0.06755324531028543,0
16.9205,-0.008606323858815551,-0.329657348482328,0,-0.008606323858815551,-0.329657348482328,0,0.01235150441236356,-0.001604808037128045,0,-0.1166966651545318,-0.03855243890828406,0
16.9305,-0.008486920534591462,-0.329678208735248,0,-0.008486920534591462,-0.329678208735248,0,0.01173123498643228,-0.002678212552181636,0,-0.02560980712138589,-0.150001940818517,0
16.9405,-0.008370434226059303,-0.3297127215054004,0,-0.008370434226059303,-0.3297127215054004,0,0.0115542771075732,-0.004101375869666165,0,-0.02704379201917165,-0.1172703497009605,0
16.9505,-0.008257355793005345,-0.3297582468428927,0,-0.008257355793005345,-0.3297582468428927,0,0.01101211718875752,-0.004814016786559298,0,-0.07617845076855195,-0.02906940536721181,0
16.9605,-0.008151907531093201,-0.3298065282417721,0,-0.008151907531093201,-0.3298065282417721,0,0.0100532702340815,-0.004748367261161002,0,-0.1191648415335777,0.03324715883133261,0
16.9705,-0.008059452965048272,-0.3298510133541817,0,-0.008059452965048272,-0.3298510133541817,0,0.008333042486026579,-0.004038864553017565,0,-0.2322855340467108,0.1200019471922003,0
16.9805,-0.007990988638908299,-0.3298817252625985,0,-0.007990988638908299,-0.3298817252625985,0,0.005308739071375296,-0.001882657554899215,0,-0.3527996173813996,0.3144962261306212,0
16.9905,-0.007956639416163647,-0.3298803806004783,0,-0.007956639416163647,-0.3298803806004783,0,0.001805672989421952,0.002198036186588661,0,-0.3162467563164039,0.4658124164375901,0
17.0005,-0.007952010619169591,-0.3298341576489162,0,-0.007952010619169591,-0.3298341576489162,0,-0.0004613966791284872,0.006709322842191747,0,-0.1368856370815517,0.40738227442115,0
17.0105,-0.007960690387392581,-0.3297482367682295,0,-0.007960690387392581,-0.3297482367682295,0,-0.001035797214818041,0.01012630674858663,0,-0.008100302802813519,0.2996060418069612,0
17.0205,-0.007971404654264446,-0.3296306952301968,0,-0.007971404654264446,-0.3296306952301968,0,-0.001164921790492295,0.01338047904827048,0,-0.04099118613022225,0.3808902212119631,0
17.0305,-0.00798732010549358,-0.3294737980497933,0,-0.00798732010549358,-0.3294737980497933,0,-0.002161588164029259,0.01803315323141697,0,-0.1534817774092524,0.5282376803483202,0
17.0405,-0.008018717068079866,-0.3292648740465422,0,-0.008018717068079866,-0.3292648740465422,0,-0.004133184516104468,0.02342910900574496,0,-0.2268444776620837,0.521999010578734,0
17.0505,-0.008072676643423194,-0.329005285146064,0,-0.008072676643423194,-0.329005285146064,0,-0.006591048738011108,0.02804476456444813,0,-0.2621584142431169,0.4002417636853572,0
17.0605,-0.00815330521247052,-0.3287060530906838,0,-0.00815330521247052,-0.3287060530906838,0,-0.009490673321962193,0.03147160215883189,0,-0.3219249967449141,0.3010550040468624,0
17.0705,-0.008266770495034628,-0.3283766492121991,0,-0.008266770495034628,-0.3283766492121991,0,-0.01316273644907816,0.03418301343016873,0,-0.4083755696946834,0.2455749484281914,0
17.0805,-0.008421247864738213,-0.3280231141674278,0,-0.008421247864738213,-0.3280231141674278,0,-0.01761820533410558,0.03630953020663649,0,-0.4743307175599677,0.1803920872446981,0
17.0905,-0.008623361798606267,-0.3276519027412327,0,-0.008623361798606267,-0.3276519027412327,0,-0.02264213934654518,0.03774781728788557,0,-0.5294252290581654,0.1121277141646806,0
17.1005,-0.00887879850740223,-0.3272697205600549,0,-0.00887879850740223,-0.3272697205600549,0,-0.02827333078502766,0.03854735178054657,0,-0.5933579166497399,0.05019559605516243,0
17.1105,-0.009193774110198873,-0.3268831655668403,0,-0.009193774110198873,-0.3268831655668403,0,-0.03448616641639914,0.03860239837114451,0,-0.6426079575073304,-0.04544931690944282,0
17.1205,-0.009572981430979653,-0.3265026276478771,0,-0.009572981430979653,-0.3265026276478771,0,-0.04109703555372049,0.03726141307901094,0,-0.6821674331900366,-0.2304990257713213,0
17.1305,-0.01002176106903548,-0.3261469489699925,0,-0.01002176106903548,-0.3261469489699925,0,-0.04848709746014283,0.03363057989616149,0,-0.8074906826096935,-0.485709380521389,0
17.1405,-0.01055174097939084,-0.3258403666027654,0,-0.01055174097939084,-0.3258403666027654,0,-0.05729698468510244,0.02767998784031554,0,-0.9292469407267869,-0.6698187451978848,0
17.1505,-0.01117431852186503,-0.3255997916738045,0,-0.01117431852186503,-0.3255997916738045,0,-0.06669911459997135,0.0207651507560046,0,-0.9298881950560585,-0.6871744139422548,0
17.1605,-0.011886972716106,-0.3254269768603792,0,-0.011886972716106,-0.3254269768603792,0,-0.07516445525221135,0.01422875419572079,0,-0.7445890005430869,-0.623187401002173,0
17.1705,-0.01267551779472946,-0.3253170126490574,0,-0.01267551779472946,-0.3253170126490574,0,-0.08196025954615992,0.008078141917591543,0,-0.6645242539837202,-0.6222423925234797,0
17.1805,-0.01352758129788061,-0.3252693216802771,0,-0.01352758129788061,-0.3252693216802771,0,-0.0880835597871136,0.001747442486381189,0,-0.5113599767501373,-0.6292767018450497,0
17.1905,-0.01443420534685536,-0.3252835148780946,0,-0.01443420534685536,-0.3252835148780946,0,-0.09268280273823665,-0.004083272726325282,0,-0.4950304942926754,-0.5196096429712664,0
17.2005,-0.01538349021901425,-0.3253467360219122,0,-0.01538349021901425,-0.3253467360219122,0,-0.0969853689975598,-0.007920008256200093,0,-0.2274864516827175,-0.2312781902017353,0
17.2105,-0.01636381518390731,-0.3254322416687774,0,-0.01636381518390731,-0.3254322416687774,0,-0.09846344583394906,-0.00866301093943465,0,-0.3478127286560123,0.02429664473438178,0
17.2205,-0.01737151389805657,-0.3255161754559657,0,-0.01737151389805657,-0.3255161754559657,0,-0.1032800613218598,-0.008147768548730724,0,-0.1024414859053682,0.07122272678672427,0
17.2305,-0.01838345964596883,-0.3255945587443145,0,-0.01838345964596883,-0.3255945587443145,0,-0.09446460271833952,-0.007451854403621195,0,1.294580651534992,0.01284445743909175,0
17.2405,-0.01927684867510887,-0.3256741195703197,0,-0.01927684867510887,-0.3256741195703197,0,-0.09105114878440007,-0.009313296427836636,0,-0.4953353533614632,-0.3675322182922641,0
17.2505,-0.02020892501150779,-0.3257903441734442,0,-0.02020892501150779,-0.3257903441734442,0,-0.09136955658036897,-0.01366459288031559,0,0.7682066696437023,-0.4484773229873955,0
17.2605,-0.0210669035032398,-0.3259515728425145,0,-0.0210669035032398,-0.3259515728425145,0,-0.08177732966817639,-0.01862238421516587,0,0.6761077244498326,-0.572483312609661,0
17.2705,-0.02186520131257232,-0.3261710745373916,0,-0.02186520131257232,-0.3261710745373916,0,-0.07801867935845914,-0.02508070813442019,0,0.365223968432633,-0.6810779956051753,0
17.2805,-0.02261892064181666,-0.3264575953782807,0,-0.02261892064181666,-0.3264575953782807,0,-0.07314379421562861,-0.03192056183316556,0,0.4820941519227862,-0.6864102376361505,0
17.2905,-0.02332941648973162,-0.3268127455883064,0,-0.02332941648973162,-0.3268127455883064,0,-0.06899006766821174,-0.03869943864513224,0,0.433666833535913,-0.6583403329187243,0
17.3005,-0.02399257896876339,-0.3272329657422401,0,-0.02399257896876339,-0.3272329657422401,0,-0.06391480307697878,-0.04494007600376689,0,0.5223043412700625,-0.5936428279237275,0
17.3105,-0.02460646413445147,-0.3277120080703769,0,-0.02460646413445147,-0.3277120080703769,0,-0.05908569299382864,-0.05041316481714266,0,0.4709600693768872,-0.4898243009417453,0
17.3205,-0.02517180603672515,-0.3282381150314269,0,-0.02517180603672515,-0.3282381150314269,0,-0.05430001436125557,-0.05425577307212987,0,0.4635881946308202,-0.271519574726899,0
17.3305,-0.02569237431076138,-0.328789491136884,0,-0.02569237431076138,-0.328789491136884,0,-0.0501048768913767,-0.05547597537757819,0,0.3916780253189629,0.01588329940027605,0
17.3405,-0.02617260314495846,-0.3293384430700689,0,-0.02617260314495846,-0.3293384430700689,0,-0.04611788589853377,-0.05401871480520502,0,0.4178038231133516,0.242301120388556,0
17.3505,-0.02660998677410971,-0.3298636717732505,0,-0.02660998677410971,-0.3298636717732505,0,-0.04135840555486927,-0.05103765488825096,0,0.549680723907335,0.3301027456976307,0
17.3605,-0.02699079944851755,-0.3303560474868109,0,-0.02699079944851755,-0.3303560474868109,0,-0.03481839101445858,-0.04755294080127764,0,0.7417862914863582,0.3679216316453587,0
17.3705,-0.02729789416248133,-0.3308108672981209,0,-0.02729789416248133,-0.3308108672981209,0,-0.02688229283280195,-0.04347013989427177,0,0.8117970343527234,0.4530074203340833,0
17.3805,-0.02752557651093508,-0.3312198585182266,0,-0.02752557651093508,-0.3312198585182266,0,-0.0192435522666116,-0.03843451118503781,0,0.6940790605035438,0.5413973172728599,0
17.3905,-0.02768530325713387,-0.3315750776007548,0,-0.02768530325713387,-0.3315750776007548,0,-0.01330158027042918,-0.03285361351769363,0,0.5125844682665731,0.564404728344439,0
17.4005,-0.02779306325938055,-0.3318738182058918,0,-0.02779306325938055,-0.3318738182058918,0,-0.008545955278689029,-0.02715713191694409,0,0.4728190772417979,0.5789578025626557,0
17.4105,-0.0278520835612699,-0.3321145872642559,0,-0.0278520835612699,-0.3321145872642559,0,-0.003356192572411695,-0.02127303889593388,0,0.5655710877231995,0.5856820624100386,0
17.4205,-0.02785526896147436,-0.3322982652839364,0,-0.02785526896147436,-0.3322982652839364,0,0.002406952898718282,-0.01597965108404723,0,0.5519804984751041,0.4464561008916537,0
17.4305,-0.02780544838347042,-0.3324398167476917,0,-0.02780544838347042,-0.3324398167476917,0,0.00703324423188595,-0.01298671812813101,0,0.373627504774387,0.1606061312326016,0
17.4405,-0.02771753570143885,-0.3325653841742794,0,-0.02771753570143885,-0.3325653841742794,0,0.01029979346935297,-0.01231082239182549,0,0.3331673667052437,0.03612719052055036,0
17.4505,-0.02759293774667746,-0.3326839372445219,0,-0.02759293774667746,-0.3326839372445219,0,0.0148728827987982,-0.01114637168970972,0,0.6059183745050202,0.222522854558807,0
17.4605,-0.02740620526898141,-0.3327792072772748,0,-0.02740620526898141,-0.3327792072772748,0,0.02252750517063455,-0.007755528479151011,0,0.8724153591051258,0.4131408625131822,0
17.4705,-0.0271345669054659,-0.3328354619812748,0,-0.0271345669054659,-0.3328354619812748,0,0.03127076861026386,-0.003862470702840759,0,0.8261274827718588,0.320923306192587,0
17.4805,-0.02678276152721077,-0.3328619606444708,0,-0.02678276152721077,-0.3328619606444708,0,0.0383362738239286,-0.001942514056234975,0,0.5899356011613762,0.07702021526559943,0
17.4905,-0.02637270078281293,-0.3328806635535772,0,-0.02637270078281293,-0.3328806635535772,0,0.04311185685183424,-0.002007085445884771,0,0.3904662950648085,-0.05507125496824933,0
17.5005,-0.02592377792038509,-0.3329039260286749,0,-0.02592377792038509,-0.3329039260286749,0,0.04629711844089236,-0.002595015249725335,0,0.2574129176865017,-0.04683236866485866,0
17.5105,-0.02544997373180964,-0.3329312017378788,0,-0.02544997373180964,-0.3329312017378788,0,0.04812332292858133,-0.002743115011660186,0,0.1071266903345653,0.01848850821586207,0
17.5205,-0.02496675698336457,-0.3329561535989956,0,-0.02496675698336457,-0.3329561535989956,0,0.04819025506419081,-0.002149049362592253,0,-0.08853063124699866,0.09507123663730693,0
17.5305,-0.02449322827291903,-0.3329716808889314,0,-0.02449322827291903,-0.3329716808889314,0,0.04631544163652127,-0.000966000906212259,0,-0.2665226339473875,0.1261641449208953,0
17.5405,-0.02404611504878375,-0.3329754598794896,0,-0.02404611504878375,-0.3329754598794896,0,0.04314365917253485,6.29805766903249e-05,0,-0.3433778090159071,0.07158392745762795,0
